032c.com,US
1-8takamura.com,US
1-world.org,AU
1000libraries.com,US
1000packs.com,IE
1000skis.com,US
1001vinhos.com,US
100actsofsewing.com,US
100algerien.com,CA
100bon.com,US
100citascon.online,US
100coconuts.com,US
100graham.shop,US
100procenthardcore.com,US
101-films-store.com,US
1010healingsolutions.com,US
101shirts.com,US
1040liquidation.ca,CA
107fourthavenue.com,CA
1080motion.com,US
108vine.com,US
10barrel.com,US
10corpses.com,US
10relics.com,US
10xgrowthcon.com,US
10xhealthsystem.com,US
10xyourhealth.com,US
117records.ca,CA
11maillots.com,CA
121fanwear.com,CA
123farm.com,US
12storeez.store,US
130world.us,US
13demarzo.net,US
13eme-lune.com,US
13hublane.com,US
13thagesrd.com,US
13undergolf.com,US
1453customparts.com,US
14thaddiction.com,US
14thstreetgardencenter.com,US
1517.org,US
168groupusa.com,US
16inchsoftballhof.com,US
17track.net,US
1805club.org,GB
180cadence.au,AU
180thestore.com,US
1866nippers.com,US
1899eventsindy.com,US
18airsoft.com,US
1911holsters.com,US
1911syndicate.com,US
1921tshirt.com,US
1998beforethedawn.com,US
19thand.com,US
19thlab.com,US
1heartco.com,US
1hora.com,US
1hundreddays.com,US
1in6snacks.com,US
1littlefarm.co.uk,GB
1pc.com,US
1qsolutions.com,US
1rebel.com,US
1sale.com,US
1st.com,US
1stlegiongym.co.uk,GB
1stlinemotorcycles.co.uk,GB
1stoplawns.ca,CA
1stoptimal.com,US
1touch.co,GB
1upcandy.com,US
1worldsim.com,US
2-fast.org,US
200brands.com,US
21captains.com,AU
21golfrange.com,US
21st-amendment.com,US
2200studios.com,US
226ers.com,US
22bymali.com,GB
22kilogram.com,US
22lrreloader.com,US
23andme.com,US
247fulfillment.co,CA
24bottles.com,US
24coveted.com,US
24hourfitness.com,US
24hr-safety.com,US
24k9.com.au,AU
2600.com,US
279fragrance.com,US
27dress.co.uk,GB
27prom.com,US
28clothing.com,US
28goods.com,US
28grillz.com,US
2a-arms.com,US
2advanced.com,US
2degreecelsius.com,US
2dekansje.com,US
2faceonline.us,US
2guysonline.ca,CA
2hraquarist.com,US
2inspiradas.com,US
2n1trailers.com,US
2ndc.ca,CA
2percentbarbershop.com,US
2segypt.com,US
2slimey.shop,US
2uul.com,US
2xist.com,US
30percentrule.com,US
313tint.com,US
321coffee.com,US
333fabrications.com,US
33acresbrewing.com,CA
343labs.com,US
350atelier.com,US
35thavesewandvac.com,US
360degreebrewing.com,GB
360jeezy.com,US
360swim.com,US
361europe.com,GB
365mantos.com,US
365mantos.store,US
365spicery.com,US
366concept.com,IE
369sonic.com,US
36samplesale.com,US
38graus.com,GB
38special.com,US
38tera.com,US
3amdenim.com,GB
3blackdot.com,US
3bmeteo.com,US
3brothers.ie,IE
3brpowersports.com,US
3chlorine.com,US
3chub.com,US
3cminiworks.com,US
3cornersmarket.com,US
3cricketeers.com,US
3d-chastity.com,US
3d-farmers.com,US
3d-flukez.com,US
3d-printinglab.com,US
3d-wild.com,US
3d4makers.com,US
3d6-gaming.store,US
3dandgeek.co.uk,GB
3dartee.com,US
3days3noches.com,US
3dbrothersusa.com,US
3dbuildersclub.com,US
3dbynova.com,CA
3dcalendar.com,US
3dcaststore.com.au,AU
3dcauldron.com,US
3dcentral.com.au,AU
3dcentraltrains.com,US
3dcerthub.co.uk,GB
3dchimera.com,US
3dclassiccarparts.com,US
3dcmoto.com,US
3dcrystal4u.com,US
3dcrystalgift.co,US
3denergydrinks.com,US
3devo.com,US
3dfantasy.nz,NZ
3dfils.com,US
3dfm.au,AU
3dgardencrafts.store,GB
3dgirlie.com,US
3dgrandmasters.com,US
3dherndon.com,US
3dhhobbies.ca,CA
3dhojor.com,US
3diosound.com,US
3dkitbash.com,US
3dlettering.com,US
3dlightcraft.co.uk,GB
3dmakerengineering.com,US
3dmats.ca,CA
3dmeta.com.au,AU
3dmilitaryassets.com,US
3dmlifestyle.com,US
3dmmotorsport.com,US
3dmoleculardesigns.com,US
3dmouse.ca,CA
3dnine.com,GB
3docity.com.au,AU
3dogpetsupply.com,US
3dplatform.com,US
3dportraitme.com,US
3dposed.com,US
3dprintden.ca,CA
3dprinteracademy.com,US
3dprintercomparison.com,US
3dprintersperth.com.au,AU
3dprintingperth.com,AU
3dprintingpro.com.au,AU
3dprintiverse.com,US
3dprintmonkey.co.uk,GB
3dprintnewyork.com,US
3dprintsmiths.com.au,AU
3dprintstudiouk.co.uk,GB
3dprintz.co.uk,GB
3dpromelbourne.com.au,AU
3dpv.co.uk,GB
3dragons.ca,CA
3drap.com,US
3dreefing.com,US
3dreloaded.com,US
3dreplicas.net,US
3drhino.co.uk,GB
3drs.com,US
3dsaga.com,US
3dshoecharms.com,US
3dshoecharmsau.com,AU
3dsomethingaustralia.com,US
3dstylewear.com,US
3dsupercarbricks.com,US
3dub200.com,US
3dudesanddad.co.uk,GB
3dundercover.com,US
3duxdesign.com,US
3dwallpanels.co.uk,GB
3dwonders.com,US
3dwoodworker.com,US
3dworkshop.us,US
3dxr.co.uk,GB
3dxtech.com,US
3dyak.com,US
3f1c.com,CA
3farmdaughters.com,US
3fe.com,GB
3fishstudios.com,US
3flow9rc.com,US
3forkssaddlery.com,US
3fsmerch.com,US
3georges.com,US
3gracesofgold.com,US
3grams.com,US
3greekstreet.com,GB
3gspares.co.nz,NZ
3guysgolfcarts.com,US
3hlinen.co.uk,GB
3hlinen.com,US
3idcards.com,US
3ina.com,US
3jindustry.com,US
3kcollectables.com,US
3krazykatsdiamondart.com,US
3lab.com,US
3legged.com,US
3leggedthing.com,US
3littlebiggs.com,US
3littlebirdseventplanning.com,US
3littleloves.nz,NZ
3maaudio.com,US
3mana.ca,CA
3marthas.com,US
3mensuit.com,US
3mile.ca,CA
3momsorganics.com,US
3monkeyssolderless.com,US
3neyecare.com,US
3of7projectstore.com,US
3oh3.com,US
3oh3smokesandvapes.com,US
3parkswine.com,US
3pclutching.com,US
3pigs.com,US
3pitech.com,US
3poffroad.com,US
3pointink.com,US
3porchfarm.com,US
3ptag.com.au,AU
3punkales.com,US
3qworkwear.co.uk,GB
3racing.shop,US
3rdaxisarchery.com,US
3rdcoastfishinandtackle.com,US
3rdcoastlyfe.com,US
3rdcoastsalon.com,US
3rdday.co.uk,GB
3rddown.co.uk,GB
3rdfloortapes.com,US
3rdlair.com,US
3rdphazewholesale.com,US
3rdplanetproducts.com,US
3rdstory.com.au,AU
3rdstreetinn.com,US
3ride.com,US
3roompackages.com,US
3scompany.ca,CA
3scorecorp.com,US
3sixteen.com,US
3sixtgear.com,AU
3sprouts.ca,CA
3sprouts.com,US
3ssstudios.com,US
3star.ca,CA
3starindustries.com,US
3thirty3.ca,CA
3treesottawa.com,CA
3verybody.com,US
3vgear.com,US
3vperformance.com,US
3waterskayaks.com,US
3wisecrafters.com.au,AU
3x4genetics.com,US
3zdental.ca,CA
4-legger.com,US
4009damen.com,US
4028.co.uk,GB
402creamery.com,US
402fitted.com,US
403designs.com,US
404bakery.com,GB
40below.com,US
40colori.com,GB
40ftbrewery.com,GB
40lovelifestyle.com,US
40max-airsoft.com,US
40nine.com,US
40sandshorties.com,US
411-works.com,US
412comics.com,US
415ebike.com,US
416tactical.com,US
417lumber.com,US
417motorsports.net,US
417vintagemarket.com,US
418skate.com,US
41grains.com,US
41lumber.com,US
41olive.com,US
42-2coursemarche.com,CA
420buy.com,US
420disposables.com,US
420future.com,US
420titanium.com,US
420vapeshop.co.uk,GB
421store.com,US
425motorsports.com,US
42birds.com,US
42electronics.com,US
43south.co.nz,NZ
442motorcraft.com,US
444racingco.com,US
44labelgroup.com,US
44northcoffee.com,US
44shears.com,US
44tints.com,US
4505meats.com,US
450northbeerrelease.com,US
45blast.com,US
45books.com,US
45nrth.com,US
45original.com,GB
45rglobal.com,US
46north.ca,CA
46spruce.com,US
46stitch.com,GB
46tattoo.com,US
4711.com,US
47brand.com.au,AU
47frocks.co.nz,NZ
47skin.com,US
48longstems.com,US
48toolsstore.com,US
49apparel.com,US
49dzine.com,US
49dzineedmonton.com,US
49dzinewholesale.com,US
49thapparel.com,CA
49thcoffee.com,US
49thstatebrewing.com,US
49winchester.com,US
4acestaxi.ca,CA
4allfamily.ca,CA
4allfamily.com,US
4allfamily.com.au,AU
4allfamily.uk,GB
4amskin.com,US
4biddenknowledge.shop,US
4boats.co.uk,GB
4candles.co.uk,GB
4carz.store,US
4cats.com,CA
4cmentalhealth.com,US
4colordress.com,US
4continentsstores.com,GB
4d.shop,GB
4daughtersdesigns.shop,US
4dcricket.co.uk,GB
4ddesignsgraphics.com,US
4dgaming.com,US
4dhp.com,AU
4drc.com,US
4dtrax.com,US
4elephantsfood.com,US
4endurance.co.uk,GB
4es.nz,NZ
4evaeco.com,AU
4evahavin.store,US
4everbound.com,US
4everfreshfemininecareproducts.com,US
4foldr.com.au,AU
4fungift.com,US
4gauge.com,US
4gfarm.store,US
4giveness.com,US
4gsgames.com,US
4hardware.com.au,AU
4horsemencomics.com,US
4horsementackle.com,US
4hummingbirdsonly.com,US
4hunters.com.au,AU
4iiii.com,US
4ingredients.com.au,AU
4invites.com,US
4jtotalsupply.com,US
4kbowen.com,US
4kdashcamstore.com,US
4kidsonlyonline.com,US
4kinship.com,US
4knines.com,US
4ktcg.com,US
4kweeks.com,US
4kyon.com,GB
4layertech.com,US
4lifers.com,US
4lifetimelines.com,US
4link4wd.com,US
4littledreamers.com.au,AU
4mavericks.com,US
4meglutenfree.com.au,AU
4menunited.com,CA
4modernhome.com,US
4moms.com,US
4myearth.com.au,AU
4mymahindra.com,US
4mymerles.com,US
4mytots.com,US
4mytractor.com,US
4mytu.com,US
4nmotorsport.com,US
4noggins.com,US
4oneapparel.com,US
4ourdreamers.com,US
4pawsaust.com.au,AU
4petsproducts.com.au,AU
4phase.com.au,AU
4pinesbeer.com.au,AU
4pistonracing.com,US
4playwheels.com,US
4pugs.com,US
4rails.com,US
4rbees.com,US
4realarchivecrew.com,US
4reelcustombaits.com,US
4reelfishing.com,US
4restaurant.com.au,AU
4rhomethrift.com,US
4rthpickleball.com,US
4run2.com,US
4runnermods.com,US
4sisters1closet.com,US
4sr-leathers.co.uk,GB
4sr.com.au,AU
4staterustic.com,US
4surpluscity.com,US
4swildlife.com,US
4tf.com,US
4thandfore.com,US
4thandzuri.com,US
4thehomies.com,US
4thelement-diving.co.uk,GB
4thmoontoys.com,US
4tink.com,US
4tophospitality.com,US
4tothe9.com,US
4ubytia.com,US
4ucaps.com,US
4ucarparts.com,GB
4udezigns.com,US
4wdc.com.au,AU
4wdcrew.com,US
4wdetail.com,AU
4wdinteriors.com,AU
4wdobsessionnoosa.com.au,AU
4wdwarehouse.co.nz,NZ
4wheel-parts.com,US
4wheeling-merch.com,AU
4x1111.com,US
4x4-hq.com,GB
4x4extrasonline.com.au,AU
4x4filth.com.au,AU
4x4graphics.com,US
4x4industries.com.au,AU
4x4lab.com.au,AU
4x4network.com.au,AU
4x4oc.com.au,AU
4x4offroadsolutions.co.nz,NZ
4x4offroadworld.com,AU
4x4outletcentre.com.au,AU
4x4wavers.com,US
4x6labels.com,US
4xpro.com,US
4xshaft.com,US
4ye.ca,CA
5-ave.com,US
501parts.com,US
5050centraideoutaouais.ca,CA
5050rubanrose.ca,CA
5050sens.com,CA
5050stamps.com,CA
5050store.com,GB
50caliberracing.com,US
50callabz.com,US
50cards.shop,US
50gradnord.com,GB
50hertzfoods.com,US
50percentlegit.com,US
50shadesofgreen.com,US
50statesofbeauty.com,US
50to01.com,GB
50wattsbooks.com,US
51-speedshop.com,US
510designhome.com,US
510skateboarding.com,US
511foodservice.com,CA
514pickleball.com,CA
5150autosport.com,US
5150bmx.com,US
51cong.com,US
51gt3.com,US
51stfestival.com,GB
525america.com,US
52cards.com,US
52kards.com,US
53karat.ca,CA
53studio.com,US
540gear.com,US
54celsius.com,US
54thrones.com,US
550bc.com,US
555engineer.com,US
559armory.com,US
55exchange.com.au,AU
55miles.com,US
567framing.com,US
56cutz.com,US
589fab.com,US
58andco.com,GB
58facettes.com,US
58liquors.com,US
58peaks.shop,US
59balloons.com,US
5acrefarmkansas.com,US
5barbeef.com,US
5esrd.com,US
5feet11.com,US
5iveguysfc.com,US
5lakesflavor.com,US
5stonescoffeeco.com,US
5thavenuespa.co.uk,GB
613originals.com,US
6666equinesupplements.com,US
666carbon.com,US
6amcity.com,US
6bscreations.com,US
6gc.com.au,AU
6ku.com,US
6pmseason.com,US
6throne.com,US
7-eleven.ca,CA
708supplyco.com,US
710labs.com,US
71northtours.com,US
723vapor.com,US
7879.co,US
79bikes-au.com,AU
79bikes-ca.com,CA
79bikes.com,US
7daysofplay.com,US
7dazemfg.com,US
7diamonds.com,US
7evencarrental.com,US
7magicclub.com,US
7minutelift.com,US
7ohblack.com,US
7summers.co.uk,GB
7thdimensiongames.com,US
7thstreetburger.com,US
7till8.com,US
8-hours.com,GB
8020books.com,GB
808dude.com,AU
8108global.com,US
828boutique.com,US
85cbakerycafe.com,US
86regality.com,US
870tacticalsupplycompany.com,CA
877workshop.com,US
88rising.com,US
8amgolf.com,US
8billiontrees.com,US
8bitbrewingcompany.com,US
8bitdo.com,US
8ftweekend.com,US
8otherreasons.com,US
8pmshop.ca,CA
8speed.au,AU
8thlinecreations.com,US
8thsign.com,GB
8thwndr.com,US
8tlblingfive.com,US
8weapons.com,GB
8wired.co.nz,NZ
8xist.com,US
8yards.co.uk,GB
904vinyls.com,US
907surplusak.com,US
90racing.com,US
90smomshop.com,US
911custom.com,US
911dutygear.ca,CA
911dutygear.com,US
911erpuniforms.com,US
911memorial.org,US
911patches.com,US
911tooling.com,US
912cards.com,US
914ny.net,US
917pawnshop.com,US
919wines.com.au,AU
91vocals.com,US
925express.com,US
925silverly.com,US
928-944parts.com,US
928srus.com,US
930.com,US
944store.com,US
94vintage.store,US
95trends.com,US
961souq.com,US
964made.com,CA
96dragonstudio.com,US
96kickz.com,US
97golf.co,US
97thvintage.com,US
985coffee.com,US
98coastav.com,US
98types.co.uk,GB
99-nights.com,US
99999clo.com,US
99based.com,US
99bottleshop.com,CA
99dollarweddings.com,US
99heirlooms.com,US
99jersey.com,US
99mobility.com.au,AU
99oaksfarm.com,US
99pandit.com,US
99percenthandmade.com,US
99svg.com,US
99tint.com.au,AU
99wholesale.com,US
9amhome.com,US
9and3wheels.com,US
9barista.com,US
9dartfinish.co.uk,GB
9degreesbrisbane.com.au,AU
9eight5.co.nz,NZ
9ff.com,US
9gag.com,US
9kmotors.com,US
9ksafety.com,US
9priscillaway.com,US
9rueclementine.com,US
9seed.com,US
9squareintheair.com,US
9strap.com,US
9teenten.com,US
9thstreetclothingco.com,US
9thstreetcoffee.com,US
9tperformance.com,US
9yardz.com,US
a-beautiful-line.com,US
a-champs.com,US
a-cold-wall.com,US
a-d-g.com.au,AU
a-dec.com,US
a-dee.com,GB
a-game.com,US
a-h-salon.com,AU
a-kem.com,GB
a-lectricmotorsports.com,US
a-m.shop,US
a-maz.com,US
a-placeintime.com,US
a-plus-driving.com,US
a-plusrvonline.com,US
a-priori.us,US
a-roo.com,US
a-schwab.com,US
a-slim.com,GB
a-sub.com,US
a-sumayahshop.com,US
a-sure.com,US
a10moto.com,US
a11nsports.com,US
a1aquariumworld.com.au,AU
a1asod.com,US
a1autohaus.com.au,AU
a1beauty.shop,US
a1business-hub.com,US
a1choice.ca,CA
a1classics.com,US
a1coaches.com,GB
a1coffee.net,US
a1craftandquilting.com.au,AU
a1decoy.co.uk,GB
a1fashiongoods.com,GB
a1fineart.com,GB
a1foamandfabrics.com,US
a1handpiece.com,US
a1imports.ca,CA
a1livestock.com,US
a1officefurniture.co.uk,GB
a1outdoorpower.com,US
a1pack.com.au,AU
a1precision.com.au,AU
a1toolsaustralia.com.au,AU
a1truckparts.net,US
a1vacandsew.net,US
a24films.com,US
a29hardware.com,US
a2bikes.com,US
a2bperformance.ca,CA
a2platinum.com,US
a2round.com,US
a2z4kids.co.uk,GB
a2zcashandcarry.com,US
a2zev.com,US
a2zfitness.com.au,AU
a2zgolfsupplies.com,US
a2zid.com,US
a3performance.com,US
a7xblankets.com,US
aa.co.nz,NZ
aa.org.au,AU
aa1982.com,US
aaaautotool.com,US
aaabeautyllc.com,US
aaacorporatetravel.com,US
aaadoors.com,US
aaaindustrialsupply.com,US
aaajewelryutah.com,US
aaaliquidationcentre.com,CA
aaasocksanduggs.com.au,AU
aaasportsmemorabilia.co.uk,GB
aabaco.com,US
aabacopoolsupply.com,US
aabargainsuk.co.uk,GB
aabei.com,US
aabev.com.au,AU
aabhushanonline.com,US
aabparts.com,US
aacaoutlet.com,US
aachompa.com,US
aacreativedesigns.com,US
aad.org,US
aadancecostumes.com,US
aadperformance.com,US
aaefirearms.com,US
aaeglass.com,US
aaexport1.com,US
aafco.org,US
aaflagcompany.com,US
aaforge.com,US
aagcanada.ca,CA
aageneralwholesaleretail.com,US
aagluxuryoutdoors.com,US
aagrahfoods.com,GB
aagsport.com,US
aahanasnaturals.com,US
aainaastreasurebox.com,US
aairsk.com,US
aaisurvey.com,US
aakip.com,US
aaliyacollections.com,US
aallc.shop,US
aallyn.com,US
aaltosaunas.ie,IE
