lakewoodproducts.com,US
lakewoodranchdoodles.com,CA
lakextow.com,US
lakfood.com,US
lakinaturals.com,US
lakinza.ca,CA
lakme.uk,GB
lakoanutrition.com,NZ
lakotaherbs.com,CA
lakotamade.com,US
laksen-sporting.co.uk,GB
lakshae.com,CA
lakshmigown.com,US
lakshmikrishnanaturals.com,US
lakshmiwholesale.com,GB
lakunalinks.com,US
lalaandmo.com,US
lalachill.com,US
lalahairstudio.com,AU
lalahijabs.com,US
lalais.com,US
lalajava.com,US
lalalandshop.com.au,AU
lalaleaf.co,US
lalalinks.com,US
lalalovemoda.com,US
lalavintage.com.au,AU
lalefajas.com,US
laleo.com,US
laliberteelectronique.com,CA
lalicocoffee.co.uk,GB
lalignenyc.com,US
lalikids.com,US
laline.ca,CA
laline.com,US
lalingi.com,GB
lalisacomics.com,US
lalisaofficial.com,US
lalitenterprise.com,US
lalka.au,AU
lallyselectrical.ie,IE
lalo.com,US
lalovelyvintage.com,US
lalueurr.com,GB
lalulabel.com,US
lalumethelabel.com,AU
lalunecollective.com,AU
laluva.com,US
lalylala.com,US
lamadeleine.com,US
lamagiedelair.com,CA
lamainquebecoise.com,CA
lamaisondebelasyse.com,US
lamaisondesrideaux.com,CA
lamaisondor.com,CA
lamaisondubar.com,CA
lamaisondubleuet.com,CA
lamaisonduparfum.com,US
lamaisonlondon.com,US
lamaisonsenso.com,CA
lamajewellers.com,GB
lamansio.com,US
lamarcotterie.com,CA
lamare.co,US
lamaretail.com,US
lamargaritaonline.com,US
lamarie.com.au,AU
lamarpkg.com,US
lamartina.com,US
lamaschiquita.com,US
lamatama.com,US
lamb-of-god.com,US
lambaywhiskey.com,IE
lambcrafted.com,US
lambda-grips.com,US
lambdachistore.com,US
lamberdebie.ie,IE
lambertetfils.com,US
lambertfamilyadventuretours.com,CA
lambertjewelers.com,US
lambertones.store,US
lambgoat.com,US
lambienetwork.com.au,AU
lambranch.com,US
lambrettaclothing.co.uk,GB
lambrie.com,CA
lambrini.co.uk,GB
lambrino.co.uk,GB
lambsbreathseeds.com,US
lambstringsyarn.com,US
lamer.ca,CA
lameraki.com,CA
lamerepoule.ca,CA
lamesavineyards.com,US
lametric.com,US
lamiano.com,US
lamikbeauty.com,US
lamilas.com.au,AU
lamimigb.com,US
laminationdepot.com,US
lamingtonsocks.com.au,AU
lamisa-uk.com,GB
lamistinguett.com,US
lammarmarie.com,US
lammermoordistillery.com,NZ
lamoda.co.uk,GB
lamoderno.com,US
lamonarcabakery.com,US
lamontscott.com.au,AU
lamoonto.com,CA
lamorahh.com,US
lamoredesign.com,US
lamorial.com,US
lamose.com,US
lamotte.com,US
lamourbeds.co.uk,GB
lamourlou.com,US
lamourmere.com,US
lamourshoes.com,US
lamp-genie.com,CA
lampboy.com,AU
lampcopper.co.uk,GB
lampcopper.com,US
lampestore.com,US
lampfinialdesigns.com,US
lampilo.com,AU
lamplondonhome.com,GB
lampoutdoor.co.uk,GB
lamps.com,US
lampshadebarn.co.uk,GB
lampshadelady.com,US
lampsmodern.co.uk,GB
lampthes.com,US
lamptwist.com,US
lampventure.com,US
lamsaboutique.com,CA
lamsonpro.com,US
lamuccaskincare.com,AU
lamucidesign.com,US
lamude.com.au,AU
lamulitacoffee.com,US
lamuscle.com,US
lamy.com,US
lamycosphere.com,US
lamyshop.com.au,AU
lanaberg.com.au,AU
lanadelrey.com,US
lanadelreyukstore.com,GB
lanaguisefineart.com,US
lanaiblo.com,US
lanalang.com.au,AU
lanamoorepetite.com,US
lanap.com,US
lanapamarket.com,US
lanasports.com,US
lanationshop.com,US
lanaturacasa.com,CA
lanawilkinson.com,AU
lancashiregolfacademy.co.uk,GB
lancaster.com,US
lancasterchickencoops.com,US
lancastercountycoffee.com,US
lancasterdistilleries.com,US
lancasterfair.com,US
lancastersmokehouse.co.uk,GB
lancastersonline.com,GB
lancasterunimerchandise.co.uk,GB
lancedewease.com,US
lancejames.co.uk,GB
lancelotus.com,US
lancemore.com.au,AU
lancepartsonline.com,US
lancolia.com,US
lanctotcsd.com,CA
land-and-water.co.uk,GB
land-lab.co,AU
land4x4.com.au,AU
landabags.com,IE
landandseadelivery.com,US
landandseagolf.com,US
landaustore.co.uk,GB
landautocenter.com,CA
landblife.com,US
landcruiserhm.com,US
landdecora.com,US
landdevices.com,US
landedgear.com,US
landefabrics.com,US
landenaqua.com,US
lander.com,US
landerosfurniture.com,US
landers.ie,IE
landersmusic.com,AU
landfallfloral.com,US
landguardgarden.com,US
landie.com.au,AU
landingbakery.au,AU
landingear.com,US
landleather.com,US
landlmodels.co.uk,GB
landmarkbooksellers.com,US
landmarkcreamery.com,US
landmarkdecorwallpanels.com,US
landmarktheatres.com,US
landmarktools.com,US
landmoto.io,US
landmvrksapparel.com,GB
landofalice.com,US
landofgenie.com,US
landofoh.com,US
landolightingonline.com,CA
landonwinery.com,US
landospex.com,GB
landpirate.com,US
landsbergjewelers.com,US
landscapedrainageproz.com,US
landscapegardenhub.com.au,AU
landscapemoss.com,CA
landscapes4learning.com,GB
landscapeworld.co.uk,GB
landscaping.co.uk,GB
landshaker4x4.com,US
landsharksupply.com,US
landsofharam.com,GB
landsurfers.com,US
landtankproducts.com,US
landtohousestore.com,US
landtrust.com,US
landwater.com.au,AU
landycars.com,US
lane8music.com,US
laneaerialmedia.com,GB
lanefortyorganics.com.au,AU
lanemitchelljewelers.com,US
lanes.co.uk,GB
lanesbbq.com,US
lanesbbq.com.au,AU
lanesendcreamery.com,US
lanesevenapparel.com,US
lanesouthernorchards.com,US
lanesratoys.com,US
lanewaycyclery.au,AU
lanewaygolf.com.au,AU
lanewaysupply.com.au,AU
lanewaythelabel.com,US
langanisstudio.com,AU
langara.ca,CA
langdoncoffee.com,AU
langdonhall.ca,CA
langelidvonbromssen.com,GB
langeoriginals.com,US
langevinlebijoutier.com,CA
langgersafe.com,US
langleyfurniture.ca,CA
langleyguitarcentre.co.uk,GB
langleywesternstore.com,US
langly.co,US
langmeilwinery.com.au,AU
langmuirsystems.com,US
langracing.com,US
langsoffroad.com,US
langstonreed.co,US
langtongreenhouse.co.uk,GB
languageposters.com,US
langy-energy.com,US
langys.com.au,AU
lanhiem.com,US
laniandkei.com,US
laniathelabel.co.nz,NZ
laniegardnermusic.com,US
lanificiocolombo.com,US
lanijewelrybox.com,US
lanilauhawaii.com,US
lanisimpson.com,US
lanitexhydrogarden.com.au,AU
lanius.com,US
lanjaenicke.com,US
lanka-uk.com,GB
lankaclothing.com,GB
lankajewels.ca,CA
lankeleisi-bikes.com,GB
lankeleisi.com,US
lankyboxshop.com,US
lanmeirenbeauty.com,US
lanmeiyoupin.us,US
lannaantique.com,US
lannacoffeeco.com,US
lannahdunn.com,AU
lannalashes.com,US
lannyho.com,US
lanocreme.co.nz,NZ
lanocreme.com,US
lanoguard.co.uk,GB
lanoixderable.com,CA
lanoke.com,US
lanolin.co.nz,NZ
lanolinbeauty.com.au,AU
lanolinrustproofing.co.uk,GB
lanolips.co.uk,GB
lanolips.com,US
lanonpro.com,US
lanonpro.store,US
lanrefoodsonline.co.uk,GB
lansdownesports.ca,CA
lansecafe.com.au,AU
lanseichina.com,US
lanserhof.com,US
lansinoh.co.uk,GB
lansinoh.com.au,AU
lansinoh.ie,IE
lanson.com,US
lanterndancer.com,US
lanternelab.com,US
lanternerouge.com,US
lanterns-direct.co.uk,GB
lanternshop.com,US
lanternshop.com.au,AU
lanternspace.com.au,AU
lantohealth.com,US
lantronix.com,US
lanuevaerapr.com,US
lanural.com,US
lanvain.com,CA
lanyjewelry.com,US
lanyspace.com,US
lanzapro.com,US
lanzera.com,US
lao-care.com,CA
laoinc.ca,CA
laoliworld.com,US
laonda.shop,US
laorchid.com,US
laostoyourhouse.com,US
laowgdn.com,US
lapalfa.com,US
lapantherestudio.com,US
lapaperpassion.com.au,AU
lapappstore.net,US
laparisienne-officielle.com,US
lapastatriestina.com,CA
lapasteque.com,CA
lapastudios.com,US
lapawnaderia.store,US
lapcatz.com,US
lapelguard.com,US
lapelpins.com,US
lapenderieduparadis.com,CA
lapeony.com,US
lapepa.com.co,US
lapero.com,US
lapetal.com.au,AU
lapetite.co.nz,NZ
lapetitecrapule.com,CA
lapetitelabs.com,US
lapetitemaison.us,US
laphont.com,US
laphwing.com,US
lapiazzaovens.com,US
lapidarycentral.com,US
lapieldelcielo.com,US
lapierrebikes.com,US
lapimenterie.com,CA
lapinchenancy.com,US
lapinluxuries.com,US
lapislondon.com,GB
lapistacoma.com,US
laplacehobbycenter.com,US
laplaceusa.com,US
laplandsky.com,US
laplantation.ca,CA
laplumeny.com,US
lapoche.com,AU
lapochette.co,GB
lapocion.com,US
lapopulartaqueria.com.au,AU
laportegna.com,US
laportesnursery.ca,CA
laposkincare.com,GB
lapouleenshape.com,CA
lappartcinq.com,CA
laprairie.com,US
lapremierebridal.com,US
lapresserie.com,CA
laprestigeparis.com,US
laprima.com,US
laprintlab.com,US
laprom.com,US
lapsangstore.com,US
lapteck.com,IE
laptitemaisonjaune.com,CA
laptoppro.ca,CA
laptopstation.co.uk,GB
laptopworkshop.com,GB
laptorr.com,US
laptrays.co.uk,GB
lapublishing.org,US
laquerciashop.com,US
laqv.ca,CA
lara.com,US
larafarmsmiami.com,US
laraisonusa.com,US
larakateboutique.com,CA
larakitchen.com,GB
laraleather.com,US
larapintaexpress.com,AU
laraqueljewelry.com,US
larasmahjongedit.com,US
laraso.com,US
laratrump.com,US
laravel.com,US
larbredeschakras.com,CA
larcjewelers.com,US
lardass.com.au,AU
larderandvine.com,US
lardini.com,US
lareault.com,US
laredoboots.com,US
laredoimport.com,US
laredosmadison.com,US
laredosmexicanrestaurante.com,US
lareinacookware.co.nz,NZ
larelaxed.com,US
larenaissance.com.au,AU
larepublicasuperfoods.com,US
laresidenceinteriors.co.uk,GB
larexcare.com,US
largefamilytable.com,US
largercross.com,US
larhn.com,GB
lariarti.com,US
lariatt.com,GB
laribbonsandcrafts.com,US
laribbonscustom.com,US
laribbonswholesale.com,US
larimars.com,US
larissaloden.com,US
larivesauna.com,IE
larivieremeunier.com,CA
larkathome.com,US
larkcottons.com,US
larkellenfarm.com,US
larkfinefoods.com,US
larkinpoe.com,US
larkinroad.com,US
larklean.com,US
larklondon.com,GB
larkmountainmodern.com,US
larkshall.com,GB
larkshoes.com,US
larkspurbuildings.com,US
larkspurline-trains.com,CA
larksupply.com,US
larktale.ca,CA
larktale.com,US
larnefc.com,GB
larnerseeds.com,US
larnmernwork.com,US
laroccacakes.com,US
laromaottawa.com,CA
larosastyle.com,US
larose-and-co.com,US
larosee-cosmetiques.ca,CA
larougepierre.com,US
laroux.co.uk,GB
larpandgames.com,US
larriereboutique.ca,CA
larrimors.com,US
larry-june.com,US
larrymahanhats.com,US
larryokeeffe.com,IE
larryponchobrown.net,US
larrytheresa.com,US
larryvsharry.com,US
larsenlumberco.com,US
larsgesingfineart.com,US
larsondoors.com,US
larsonmasterworks.com,US
larssonjennings.com,US
lartdespoints.com,CA
lartlart.com,US
larucebeauty.com,US
larueperformance.com,US
larvincyluxe.com,US
larybrazilian.co.uk,GB
lasalettereligiousas.org,US
lasalleuniform.ca,CA
lasaltco.com,US
lasalucines.com,US
lasamericassupermarket.com,US
lascal.net,US
lascalemodel.com,US
laschicasdelcafe.com,CA
lasclay.com,CA
lascosascooking.com,US
lascumbresranch.com,US
laselvabeachspice.com,US
lasensualboutique.com,US
laserandskin.ie,IE
laserbear.net,US
laserclassroom.com,US
lasercraftshop.uk,GB
lasercreationsvr.com,CA
laserdaisydesigns.co.uk,GB
laserdragon.com.au,AU
laseredgedesigns.com.au,AU
laserexpress.com.au,AU
laserfilehub.com,US
lasergolfco.uk,GB
lasergram2.com,US
laserhq.co.uk,GB
laserlab.co.uk,GB
laserly.au,AU
lasermaster.co.uk,GB
lasernonna.com,US
laserpecker.net,US
laserphilly.com,US
lasersafetyindustries.com,US
lasersareus.co.uk,GB
lasertherapy.com,US
laserwolfattack.com,US
laserwoodworker.com,US
laserworksuk.co.uk,GB
lasgafasdelasele.com,US
lasgootools.com,US
lash-plus.com,US
lashaffair.co.nz,NZ
lashaffair.com,US
lashamgliding.com,GB
lashandbrowboudoirandskin.com,AU
lashandwaxoc.com,US
lasharrugs.com,CA
lashaura.com,US
lashauras.com,US
lashbase.com,US
lashbomb.com,US
lashbymaya.com,US
lashcosmetics.co,US
lashcosmeticsvip.com,US
lashdesignx.co.uk,GB
lashedtoronto.com,CA
lashesbyrk.com.au,AU
lasheyhair.com,US
lashformstudio.co.nz,NZ
lashjoy.com,AU
lashleysco.com,US
lashliftsociety.com,US
lashlinx.com,US
lashlybeauty.com.au,AU
lashmer.com,AU
lashnation.com.au,AU
lashnoir.co.nz,NZ
lashnovabeauty.com,US
lashopacartes.ca,CA
lashopalegumes.ca,CA
lashopauthentique.ca,CA
lashpro.nz,NZ
lashribbons.com,GB
lashtherapyaustralia.com.au,AU
lashviewbeauty.com,US
lashxbrowstudio.com,CA
lashybox.com,US
lasicilyanawines.co.uk,GB
lasiennacouture.net,AU
lasierrafurniture.com,US
lasiesta.com,US
lasioinc.com,US
lasirene.com.au,AU
lasjaraswines.com,US
laskey.com,US
laskinclub.com,CA
laskistumpgrinders.co.uk,GB
lasoltan.com.au,AU
lasoraofficial.com,US
lasoulfashion.com,US
lasportivarepairs.co.uk,GB
lasportscards.com,US
lasrocasclimbing.com,US
lasserceramics.com,US
lassic.co.uk,GB
lassloom.com,US
lassoedmoon.com,US
lassonliving.com,US
lassotallow.us,US
lassowear.com,US
lassurenas.com,US
lastaristocrat.com,US
lastationvrac.com,CA
lastbottlewines.com,US
lastbubbles.com,US
lastcastclub.co,US
lastchancetextiles.com,US
lastcrumb.com,US
lastdivebar.com,US
lastdress.com,US
lasteelworks.com,US
lasthop.co.uk,GB
lasthopeminiatures.com,US
lastinglittles.com,US
lastingthedistance.com,US
lastlightllc.com,US
lastlook.com.au,AU
lastmangoboatworks.com,US
lastmilepev.com,US
lastpodcastmerch.com,US
lastradaespressomachines.com,CA
lastresortab.com,US
lastresortmusic.com,US
lastriderecords.com,AU
lastst.com.au,AU
lastsummercatering.ca,CA
lastwave.com,US
lastwitharlo.com,US
lastword.co.nz,NZ
lastyearsgearstore.co.uk,GB
lasuegra.com,US
lasuit.com,US
lasuitem.ca,CA
lasuiteskincare.com,US
lasultana.net,CA
lasvegasnotarypublic.org,US
lasvegasoverlanding.co,US
lasvegaspins.com,US
lasvillasjewelry.com,US
lata.shop,US
latabledarc.com,US
lataffaperfumes.com,US
latama.net,US
latamtravellers.com,US
latarasca.net,US
latched.uk,GB
latchhookcrafts.com,US
latchkeyrecords.com,US
latcinc.com,US
lateada.net,US
lateafternoon.co.uk,GB
latelierdecharlotte.ca,CA
latelierforte.com,US
latelierlondon.co.uk,GB
latemodellighting.com,US
latenightepiphanies.com,US
latenighttales.co.uk,GB
lateohome.com,US
lateralvisionbrand.com,US
latercase.com,US
latericius.com,US
laterragems.com,US
laterrazaclapham.co.uk,GB
laterremarket.com,US
laterzacoffee.com,US
latesbykate.com,US
latest-finds.com,GB
latest-hairstyles.com,US
latesttrendzz.com,GB
latetoworkstudio.com,US
latexforever.com,US
latexforless.com,US
latexirime.com,US
latexmattressfactory.com,US
lathacollectionsusa.com,US
lathamandtaylor.co.uk,GB
lathams-potter-heigham.co.uk,GB
lathene.com,US
lather.com,US
latherandwoodshavingco.com,US
latherhotel.com,US
lathr.com,US
latiendacigars.com,CA
latiendadelasgorras.com,US
latienditacentroamericana.com,US
latienditadeljibaro.com,US
latifahsaafirstudios.com,US
latifs.co.uk,GB
latifsjewelry.com,US
latigocowboy.com,US
latikabeauty.com,US
latimes.com,US
latimexmarket.com,US
latinastereo.com,US
latinbakeryaustin.com,US
latinfashionllc.com,US
latinfoodsatyourdoor.com,US
latinitium.com,US
latinmafia.com,US
latinmasshelper.com,US
latinosfactory.com,US
latinotaxpro.com,US
latinusbeauty.com,US
latinvfr.com,US
latinxsinfuziongiftshop.com,US
latitude52n.com,US
latitudebeautyandboutique.com,US
latitudefestival.com,US
latitudejewellers.com.au,AU
latitudeoutdoors.com,US
latitudesm.com,US
latitudewine.co.uk,GB
latitudezerogoods.com,US
latitularstore.com,US
latnsweets.us,US
latombola.ca,CA
latonaonline.com,GB
latoonie.com,US
latopdivas.com,US
latorta.com.au,AU
latortilleria.com.au,AU
latouamille.com,US
latourangelle.com,US
latravla.com,AU
latribe.co.nz,NZ
latribuhappykids.com,CA
latterdayhome.com,US
lattimergallery.com,US
lattooland.com,US
latuza.com,US
laudanumstudio.com,US
laudenchocolate.com,GB
laudividni.com,US
laudsleep.com,GB
laufeymusic.com,US
laughingbuddhabodypiercing.com,US
laughingsisters.co.uk,GB
laughlinmercantile.com,US
laughterlounge.com,GB
lauhalahats.com,US
laukaitisracing.net,US
laumieregourmet.com,US
launchingsuccess.com,US
launchpadthumbguard.com,US
launchtabletop.com,US
laundrylabs.shop,US
laundrylady.co,US
laundrymachinesandparts.com,US
laundryturtle.com,US
lauphine.com,US
lauraashleybeauty.co.uk,GB
laurabeardsellmoore.com,GB
laurabond.com,US
lauraburtonauthor.com,US
lauradavidsondirect.com,US
lauradowlingofficial.com,IE
laurafisher.co.uk,GB
laurafrontiero.com,US
lauragravestock.com,GB
laurahammettliving.com,US
laurajamesfurniture.com,US
laurajayne.com,US
laurajeanne.com,GB
laurakincade.com,AU
lauralindacharleston.com,US
lauraliverpoolboutique.com,GB
lauralombardi.com,US
lauralori.com,US
lauramarla.com,US
lauramercier.co.uk,GB
lauras-boutique.com,US
laurascollections.co.uk,GB
laurasgourmet.com,US
laurasliverpool.co.uk,GB
laurays.com,US
laurelandblush.com,US
laurelandreed.com,US
laurelburchstudios.com,US
laurelmainstreet.com,US
laurelwoodequipment.com,US
lauremat.com,CA
lauren-records.com,US
laurenalaina.com,US
laurenbabic.ca,CA
laurenbateman.com,US
laurenbrookecosmetiques.com,US
laurencebasse.com,US
laurendaigle.com,US
laurendunn.com,US
laurenelizabethshop.com,US
laurengadams.com,US
laurenjayparis.co.uk,GB
laurenliess.com,US
laurenlorraine.com,US
laurenmarx.com,US
laurenminearmusic.com,US
laurenmoshi.com,US
laurenofpalmsprings.com,US
laurenphelpsdesigns.com,US
laurenrye.com,US
laurensce.com,GB
laurensimoncollections.com,GB
laurenspatisserie.ie,IE
laurenspencersmith.com,US
laurentandrowe.com,US
laurentcarter.com,US
laurenwalkerboutique.nz,NZ
laurenzside.com,US
laurieanneart.com,US
laurieberkner.com,US
lauriekentdesigns.com,US
lauriemccall.co.uk,GB
lauroso.com,US
lausaint.com,US
lausencrafts.com,US
lautenaudio.com,US
lautusleather.com,US
lauvsongs.com,US
lauxsportinggoods.com,US
lav-kids.com,US
lava-cart.com,US
lavaa.com,US
lavaart.com,US
lavablades.com,US
lavadawineshop.com,US
lavadiecast.com,US
lavajoy.com,US
lavalavawear.com,US
lavalheureuse.com,CA
lavaliseauxmerveilles.com,CA
lavalleedumoulin.com,CA
lavamobiles.com,US
lavanafashion.com,US
lavanajewellery.com.au,AU
lavanila.com,US
lavantcollective.com,US
lavantgardiste.com,CA
lavanti.us,US
lavanyathelabel.com,US
lavaporwholesale.com,US
lavaquest.com,US
lavarice.com,US
lavarockreykjavik.com,US
lavashow.com,US
lavaskates.com,US
lavastore.co.uk,GB
lavatools.co,US
lavayoo.com,US
laveberry.com,US
laveencoffee.com.au,AU
lavelacoffee.com,US
lavencio.com,US
lavendaire.com,US
lavender-and-twine.com,US
lavender-life.com,US
lavenderandblack.ca,CA
lavenderbackyard.co.nz,NZ
lavenderbeecaps.com,US
lavenderbrown.com,US
lavendercanada.com,US
lavendercb.com,US
lavendercreekgems.com,US
lavenderestate.com.au,AU
lavenderfiberco.com,US
lavenderlemon.co.uk,GB
lavenderlime.co.uk,GB
lavenderlimequilts.com,US
lavenderplants.co.uk,GB
lavenderpondfarm.com,US
lavenderridgefarms.com,US
lavendersflowers.com,CA
lavenderthorne.com,US
lavendertribedesign.com,US
lavendervibes.com,US
lavengel.com,US
lavenhamjackets.com,US
lavenne.co,US
laverne.co,US
lavetir.co.uk,GB
lavetir.com.au,AU
lavetpole.com,GB
lavianojewelers.com,US
lavida-boutique.com,AU
lavidaboutique.co.uk,GB
lavidalocajewellery.com,GB
lavidriola.com,US
laviedelight.com,US
lavieilleeurope.com,CA
lavieloo.com,US
laviemom.com,US
lavieongrand.com,US
lavietea.co,US
lavieworld.com,US
lavilin.com.au,AU
lavimd.com,US
lavinda.com,US
lavintage.co.nz,NZ
laviolinshop.com,US
lavira-shop.com,GB
lavirel.com,US
lavishboutiqueclothing.com,US
lavishbykrih.com,NZ
lavishcover.com,US
lavishjewelrycleaner.com,US
lavishlittlestyle.com,GB
lavishluxuriesbylacy.com,US
lavishlyhip.com,US
lavishsaint.com,US
lavishshoestring.com,GB
lavishway.co.uk,GB
lavitagolf.com,US
lavitou.com,AU
lavocderma.com.au,AU
lavopatisserie.co.uk,GB
lavosie.com,GB
lavouria.com,US
lavu.com,US
lavune.com,US
lawandcompany.com,GB
lawanswered.com,GB
lawdesignstudio.com,GB
lawfullondon.com,GB
lawlessbeauty.com,US
lawlessbicycles.com,US
lawlessgarage.com,US
lawlesshd.com,US
lawlocktools.co.uk,GB
lawlorsfurniture.ie,IE
lawn-kit.com,GB
lawnandpestcontrolsupply.com,US
lawnassociationstore.co.uk,GB
lawnbotz.shop,US
lawnbrook.com.au,AU
lawnchairusa.com,US
lawndelivery.com,US
lawndie.com,US
lawnerdshop.com,US
lawngardentire.com,US
lawnhub.com.au,AU
lawnmowerpartsworld.com,US
lawnmowersmaryland.com,US
lawnpecker.com,US
lawnreplacementparts.com,US
lawnrover.com.au,AU
lawnseed.co.nz,NZ
lawnstock.ca,CA
lawnsupply.ca,CA
lawntips.net,AU
lawprepare.com,US
lawpreptutorial.com,US
lawrenceandscott.com,US
lawrencearmsdealer.com,US
lawrencepur.com,US
lawrencesamble.co.uk,GB
lawrencetoronto.com,CA
lawrencetownsurfco.com,CA
lawsdrinkssystems.co.uk,GB
lawsoftavon.com,US
lawsonequipment.com,US
lawsonfenning.com,US
lawsongems.com,US
lawsonparis.com,CA
lawsonproducts.com,US
lawsonsp.com,US
lawsonspeedshop.com,US
lawsonsyard.co.uk,GB
lawswhiskeyhouse.com,US
lawyeroyer.com,US
laxaquarium.com,US
laxdip.com,US
laxgear.com,US
laxpocket.com,US
laxsteals.com,US
layaancollection.com,GB
layaiboutique.com,US
layaliboutique.com,US
layanhobby.com,US
layaofficial.com,US
layawayau.com,AU
layawaydepot.co.nz,NZ
laybirdcoffee.com,US
laydowntheraw.co.uk,GB
layer8.com,US
layercakeshop.com,US
layeredblankets.com,US
layereddesign.co.nz,NZ
layeredinterior.com,US
layermor.com,US
layerorigin.com,US
layers.shop,US
layerscake.com,US
layerswellness.com,CA
layfamilyyarn.co.uk,GB
layinsun.com,US
laylabakery.com,GB
layladiamonds.com,US
laylas-boutique.com,AU
laylasdelicacies.com,US
laylatailorshop.com,US
laylax.com,US
laylebymail.com,US
laylocafe.com,US
laylopets.com,US
laymatic.com,US
layoftheland.co.uk,GB
layoverandco.com,US
layreen.com,US
layrite.com,US
laysfeedandpetsupply.com,US
layswesternwearandfeed.com,US
laytners.com,US
layunawear.com,US
laywines.com,CA
layz.us,US
layze.store,US
layzeeliving.co.uk,GB
layziegear.com,US
lazamodz.com,US
lazarel.com,US
lazaroleather.com,US
lazaroliving.com,US
lazarsearlymusic.com,US
lazarsluggage.com,US
lazarus-games.com,US
lazarusfoundry.com,US
lazarusnaturals.com,US
lazaval.com.au,AU
lazenne.com,US
lazeredge.com,US
lazerladies.com,US
lazersport.ca,CA
lazersport.us,US
lazomi.com,GB
lazoneoptique.com,CA
lazothejeweller.com,US
lazousa.com,US
lazy-gardens.com,US
lazy-seal.com,US
lazy3leatherco.com,US
lazyandcrazy.org,US
lazybeanz.com.au,AU
lazybutcher.com,US
lazycarpets.com,GB
lazydaisymaine.com,US
lazyday.com,US
lazydaycrafts.store,US
lazydazehammocks.com,US
lazydogcookies.com,US
lazydogloungers.com,US
lazydoxieco.com,AU
lazyfloatie.store,US
lazyfroggifts.com.au,AU
lazyful.com,US
lazygardener.com,US
lazygirllingerie.com,US
lazyjacks.co.uk,GB
lazyjamie.com,US
lazyjmeatsutah.com,US
lazykbarwhiskey.com,US
lazylambplush.com,US
lazylmeats.com,US
lazylobsternorwich.com,GB
lazymaisons.com.au,AU
lazymay.co.uk,GB
lazyrolling.com,US
lazysheep.co.nz,NZ
lazytiles.com.au,AU
lazytomsports.co.nz,NZ
lazytools.co.uk,GB
lazytradingcards.com,CA
lbbjkt.com,US
lbbresin.com.au,AU
lbcebikes.com,US
lbcfootball.com,US
lbdesignworks.com,US
lbdo.com,US
lbedesign.com,US
lbgmedical.com,GB
lbhome.shop,US
lbjfashions.com,US
lbkprintingco.com,US
lbm1911.com,US
lbmotorsportsbrand.com,US
lbofhorrors.com,US
lboutique.ca,CA
lbplfoundation.org,US
lbrise.com,US
lbstructural.com,US
lbtinc.com,US
lcbistore.com,US
lccc-shop.com,GB
lcdbros.com,US
lcdguarantee.com,US
lcdpart.com,US
lcfperformance.com,US
lcgppro.com,US
lcjdenim.com,US
lcjoyeria.com,US
lcking.com,US
lclbeauty.com,US
lcmhistory.com,US
lcneonsign.com,US
lcojapan.com,US
lcsign.com,US
lcsupplies.co.uk,GB
lcsworkwear.co.uk,GB
lcv.org,US
ldbduel.com,US
ldcbmx.com,US
ldcomfort.com,US
ldeaffinityjewelry.com,US
ldfsilk.com,US
ldhfurniture.shop,US
ldj.com,US
ldkdekhockey.com,CA
ldkeyfinder.com,US
ldmabrand.com,US
ldmdirect.co.uk,GB
ldnrtevents.com,US
ldonline.co.uk,GB
ldpackaging.co.uk,GB
ldrenaud.com,CA
ldrscreative.com,US
ldsart.com,US
ldshoney.com,US
ldshoppe.com,US
ldsprepperstore.com,US
ldvbakery.ca,CA
ldwest.com,US
le-chocolat-maxime-frederic-louis-vuitton.com,US
le-collant.com,CA
le-febour.com,US
le-grom.co,US
le-parmentier.com,US
le-petit-fermier.com,CA
le-scarf.com,US
le-violon.ca,CA
le3345.com,CA
lea-boutique.com,US
leachco.com,US
leacollbooks.com,US
leadapparel.com,US
leadbetterswingaids.com,US
leaddevilusa.com,US
leaderaccessories.com,US
leaderbikesusa.com,US
leaderconnectingleaders.com,US
leaderheadgear.com,US
leadermoto.com.au,AU
leadernz.co.nz,NZ
leadersbasketball.com,CA
leadershipcircle.com,US
leadfootcity.com,US
leading-solvents.co.uk,GB
leadingdog.co.uk,GB
leadingedgeelectronicsleongatha.com,AU
leadingedgelam.com,US
leadingedgesafety.net,US
leadingladiesla.com,US
leadingsolutions.co.nz,NZ
leadingsolutions.net.au,AU
leadlifehealth.com,US
leadpower.store,US
leads4less.co.uk,GB
leadshielding.com,US
leadwake.com,US
leaf-cosmetics.com,CA
leaf4go.com,US
leafaffair.com,US
leafandflower.com,US
leafandnode.com,US
leafculture.co.uk,GB
leafdbox.com,US
leafenvy.co.uk,GB
leafjoystore.com,US
leaflea.com,US
leafliving.com.au,AU
leaflounge.com,US
leaflydirect.com,US
leafmansfield.com,US
leafoffaithsa.com.au,AU
leafpackage.com,US
leafscissors.com,GB
leafsource.ca,CA
leaftblade.com,US
leaftfoods.com,US
leaftradingcards.com,US
leafuni.com,US
leafwithlife.com,US
leafygreen.shop,GB
leafyladder.com,US
leafyluxliving.com,CA
leagogo.com,GB
leaguelids.com,AU
leagueofpigs.com,US
leagueofstore.com,US
leahalexandra.com,US
leahboutiquetoronto.com,CA
leahboydart.com,US
leahdagloria.com,US
leahday.com,US
leahmariani.com,US
leahroseessentials.com,US
leahspralines.com,US
leahyarddesigns.com,CA
leajewels.co.uk,GB
leak-hifi.co.uk,GB
leakedlabs.com,US
leakeyfoundation.org,US
leakeysbookshop.com,US
leakfixkit.com,US
leaknyc.com,US
leaksavers.com,US
leaktronics.com,US
leakypipe.co.uk,GB
lealartstudio.com,US
lealeamart.com,US
lealfre.com,US
leallo.com,US
leamingtonfoodoutlet.ca,CA
lean1.com,US
leanbeeftees.com,US
leanbody.com,US
leancuisine.com.au,AU
leander.com,AU
leandercare.com,US
leanercreamer.com,US
leanfit.com,CA
leangreens.com,US
leanhydration.com,US
leaninpolearena.com,US
leanlattes.com,GB
leanmh.com,US
leannacrawford.com,US
leannalinswonderland.com,US
leanne-co.com,CA
leannebowen.com,US
leannesanimeandcollectables.com,GB
leannesprettydresses.net,US
leannrimesstore.com,US
leanoralab.com,CA
leanviy.com,US
leapfrogoutdoor.com,US
leapfrogremedies.com,GB
leapinggoatcoffee.com.au,AU
leapingpandahobbies.com,US
leappets.ca,CA
leapsfordogs.com,US
leapsportsfitness.com,US
leaptheband.com,US
learfield.com,US
learn-leathercraft.com,US
learn-resinart.com,US
learn-weaving.com,US
learn-woodturning.com,US
learnarchitecture.online,US
learncandleart.com,US
learnclayart.com,US
learneasyco.com,US
learneasydrawing.com,US
learngreggshorthand.com,US
learngrowplay.com.au,AU
learnincolor.com,US
learning247.co.uk,GB
learningattheprimarypond.com,US
learningbugs.co.uk,GB
learningexpresshouston.com,US
learningfocused.com,US
learninghealth.co,US
learninglane.net,US
learningmatters.co.nz,NZ
learningposttoys.com,US
learningroots.com,GB
learningroots.us,US
learningspace.co.uk,GB
learningspace.ie,IE
learningthroughdoing.com.au,AU
learningtowers.co.uk,GB
learningtreeokc.com,US
learningwithbk.com,GB
learningwithkelsey.com,US
learningwrapups.com,US
learninstyle.co.uk,GB
learnmandala.com,US
learnscubachicago.org,US
learnsquared.com,US
learntobrew.com,US
learntosolderkits.com,US
learnwell.co.nz,NZ
leartof.com,CA
leashboss.com,US
leashoutlet.com,US
leasidehockeyshop.com,CA
leasidepub.com,CA
leaslift.co.uk,GB
leatelierparis.com,US
leathelabel.com,GB
leather-jack.com,GB
leather-moccasins.com,US
leather-village.com,US
leatheracci.com,US
leatherandlights.com,US
leatherandluggage.com.au,AU
leatherandvodka.com,US
leatherbackgear.com,US
leatherbagpattern.com,US
leatherbetter.ca,CA
leatherbond.co,US
leatherbox.com,US
leatherboxusa.com,US
leathercare.co.uk,GB
leathercareusa.com,US
leathercircle.com.au,AU
leatherco.com.au,AU
leatherdaddyskin.com,US
leatherdelights.co.uk,GB
leatherfurniture.com,US
leatherglovesonline.com,US
leatherheadsports.com,US
leatherhero.com.au,AU
leatherhoney.com,US
leatherick.com,GB
leatherique.com,US
leatherjacketcompany.co.uk,GB
leatherjacketmaster.com,US
leatherking.ca,CA
leatherman-hk.com,US
leatherman.co.nz,NZ
leathermerchants.shop,GB
leatherneo.com,US
leathernewyork.com,US
leathernlaces.com.au,AU
leatheroutlet.us,US
leatheroxide.com,US
leatherpatchcompany.com,US
leatherprison.com,US
leatherpunk.com,US
leatherrepaircompany.com,US
leathersatchel.co.uk,GB
leathershire.co.uk,GB
leathershoe.co.uk,GB
leathershowroom.com,US
leatherskins.com,US
leatherskinshop.com,US
leathersmith.co.uk,GB
leatherstampmaker.com,US
leatherstartkit.com,US
leathertools.ca,CA
leathertreatysports.com,CA
leatherunltd.com,US
leatherup.com,US
leathervanseatcovers.co.uk,GB
leatherweek.com,US
leatherwerksauto.com,US
leatherwks.com,US
leatherwood.ca,CA
leatherwooddistillery.com,US
leatherworksinc.com,US
leathosco.com,US
leathry.com,US
leathwoods.com,US
leaveplease.com,US
leavesandflowers.com,US
leavesandsoul.com,US
leaveshouse.com,CA
leavyned.com,US
leavysshoes.com,IE
lebaasonline.co.uk,GB
lebackstore.com,CA
lebanoncandle.com,US
lebarmanbruno.com,CA
lebaroudeurduvin.com,US
lebauchoir.ca,CA
lebeauthe.com,CA
lebeautiful.co,US
lebeautyco.com,US
lebent.com,US
lebent.com.au,AU
lebermuth.com,US
lebertfitness.com,US
leblanccandles.com,US
leblanq.com,GB
leboatingclub.com,CA
lebuck.ca,CA
lebuste.com.au,AU
lecapitaine.ca,CA
lecaramel.ca,CA
lecartelclothing.com,CA
lecavist.co.nz,NZ
lecente.com,GB
lecenterpiece.com,CA
lechandellecandles.com,US
lechicboutiquepr.com,US
lechicmiami.store,US
lechicpatissier.com,US
lechladecraftbarn.com,GB
lecil.com.au,AU
lecinfo.com,US
lecinqasept.ca,CA
leckiesbutchery.co.nz,NZ
leckyrider.com,GB
leclaireur.com,US
leclatdebois.ca,CA
leclercwatches.com,US
lecluboriginal.com,US
lecoindumoucheur.com,CA
lecoledesfemmes.com,US
lecomputers.com.au,AU
leconvivial.ca,CA
lecoqsportif.com,US
lecrystal.com,CA
lectec.com,US
lecternstore.com,GB
lecternstoreus.com,US
lectric.com.au,AU
lectricboil.com,US
lectronfuelsystems.com,US
lecubicule.com,CA
lecurieparis.com,US
lecyclo.com,US
led-colight.com,US
ledahealth.ca,CA
ledanddriver.com,US
ledbulbs.co.uk,GB
ledda.co,US
leddepot.co,US
leddynamics.com,US
leddyuniforms.com,IE
ledepotelectronique.com,CA
ledequipped.com,US
lederhosenstore.com,US
ledex.ie,IE
ledfactorymart.com,US
ledgeband.com,US
ledgebay.com,US
ledgengargames.com,US
ledger.com,US
ledgernash.com,US
ledgloves.com,US
lediable.net,CA
ledison-led-lights.co.uk,GB
ledivano.ie,IE
ledivita.com,GB
lediwatermaker.com,AU
ledlabcave.com,US
ledlegs.com,AU
ledlenser.co.uk,GB
ledlenser.com.au,AU
ledlenserusa.com,US
ledlight.net.nz,NZ
ledlightsdirect.com,US
ledlightstreet.com,US
ledlightsworld.com,US
ledmirrorworld.co.nz,NZ
ledmirrorworld.co.uk,GB
ledmirrorworld.com,US
ledmyplace.ca,CA
ledmyplace.com,US
ledneons.com,US
lednetwork.ca,CA
ledolci.com,CA
ledoral.com,CA
ledphototherapies.com,US
ledprofiles.com,US
ledquant.com,US
ledragonargente.com,US
ledressingdejessica.com,CA
ledsavingspecialist.co.uk,GB
ledsign4life.ca,CA
ledsigncity.com,US
ledsireland.ie,IE
ledslipmat.com,US
ledspace.co.uk,GB
ledspares.co.uk,GB
ledsupplier.co.uk,GB
ledtot.com,US
ledtradeshowlights.net,US
leduchitch.com,CA
ledupdates.com,US
ledvance.com,US
ledwristbands.com,US
lee-motorsports.com,US
lee.com,US
leeandmarias.com,CA
leeandme.ca,CA
leeannwomack.com,US
leebein.com,US
leebhardnesstesters.com,US
leebinders.com,US
leech.com,US
leeches.com,US
leechfreakbait.com,US
leechvintage.com,GB
leeclayco.com,US
leecparts.com,US
leedan.com,US
leedit.co,AU
leedogtraining.ie,IE
leeds.gov.uk,GB
leedsclearancebathrooms.com,GB
leedsdrawingclub.com,GB
leedsfoodtours.com,GB
leedsgear.com,GB
leedsknights.com,GB
leedspride.com,GB
leefai.com,US
leefar.shop,US
leefarcuttingmix.com,US
leefendallhouse.org,US
leefishersports.com,US
leeforganics.com,US
leefurniture.com,US
leehanton.com,US
leeharrismusic.com,US
leekashop.com,CA
leelainspired.com,US
leelamangoes.com,US
leelanaucheese.com,US
leelarituals.com,US
leeloomultiprops.com,US
leelouise.co.uk,GB
leelures.com,US
leemarexcavatorparts.com,US
leemathews.com.au,AU
leemfgco.com,US
leenewman.com,US
leenfant.shop,US
leepowersteering.com,US
leerenee.com,GB
leersolarcameras.com,AU
leesbadminton.ca,CA
leescountrywearrugrepairs.com.au,AU
leesideautostyling.com,IE
leesmarketjerky.com,US
leespetsupply.com,US
leestaffordhair.com,US
leestanton.com,US
leestees.com,US
leestools.com,US
leeswholesalebeauty.com,US
leesyworks.com,AU
leetielovendale.com,US
leetransportsystems.com,US
leevolk.com,AU
leewardmattress.com,US
leexic.com,GB
leezus.com,US
lefant.com,US
lefavepharmacy.com,US
lefeet.com,US
lefeteshop.com,US
lefooding.com,US
leforeverstore.com,US
lefree.net,US
lefrenchskincare.com,US
lefrenchwineshop.com,US
lefrik.com,GB
leftbians.com,US
leftbraincraftbrain.com,US
leftcoastbonsai.com,US
leftcoastoriginal.com,US
leftcoastperformance.com,US
leftfieldbrewery.ca,CA
leftfieldcoffee.com,AU
leftfieldkombucha.co.uk,GB
leftfieldnyc.com,US
lefthandcoffee.com,US
lefthandfastener.com,US
lefthandsportswear.com,GB
leftiesonlygolf.com,US
leftiesrights.com,US
leftlanedesigns.net,US
leftwingbooks.net,US
leftyspices.com,US
leftyssportscards.com,US
lefuturiste.com,CA
legacare.com,US
legaciesofamerica.com,US
legacy-photolab.com,US
legacyapparatus.com,US
legacybikepark.com,US
legacybilliards.com,US
legacybiome.com,US
legacycardz.net,US
legacychocolates.com,US
legacycojewelers.com,US
legacycollectibles.shop,US
legacycomicsohio.com,US
legacycountrycorner.com,US
legacycrystalsandminerals.com,US
legacycupmn.com,US
legacyev.com,US
legacyexp.co.uk,GB
legacyfabrics.com,US
legacyfarmscoffee.com,US
legacyfiberartz.com,US
legacyfightgoods.com,US
legacyfilmlab.com,US
legacyformusa.com,US
legacyfurnituremattress.com,US
legacygametables.com,US
legacyglassworks.com,US
legacyimages-pc.com,US
legacyjewellers.com,CA
legacyjewellery.ca,CA
legacyliquor.ca,CA
legacypaintsco.com,US
legacyphotolabdallas.com,US
legacypowersportstn.com,US
legacyrigsco.com,AU
legacyrings.com,US
legacysaddles.com,US
legacysaintjewelry.com,US
legacyskateskc.com,US
legacyskatestore.co.uk,GB
legacysportscards.com,US
legacystudioz.com,US
legacyvintage.ca,CA
legacywoodworkinganddesign.com,US
legalattirecanada.com,CA
legalseafoods.com,US
legardefleurs.com,CA
legarefarms.com,US
legarsleathercraft.com,CA
legaseaaquarium.com,US
legateaubakeshop.com,CA
legatogolf.com,US
legatorguitars.com,US
legavenue.ca,CA
legavenueeurope.com,GB
legend-fires.com,GB
legendarixs.com,US
legendartifacts.com,US
legendary.com,US
legendaryautobuilders.com,US
legendaryaviationcoffee.com,US
legendaryblack.com,US
legendarybox.com,US
legendarybrick.com,US
legendarycarcare.com,US
legendarycycles.com,US
legendaryladylabs.com,US
legendarylandmarkartprints.com,US
legendarylooksbarbershop.com,US
legendarymenscare.com,US
legendaryrootz.com,US
legendaryspa.com,US
legendaryusa.com,US
legendarywallart.com,US
legendbilliards.com,US
legendborne.com,US
legendbrand.com,US
legendcigars.com,US
legendcoastal.com,US
legendcoffee.com.au,AU
legenddistributors.com,US
legende-paris.com,GB
legendflame.com,US
legendflannelcompany.com,US
legendfootwear.co.uk,GB
legendhobby.com,US
legendlines.com,US
legendoftoys.com,US
legendrecords.ca,CA
legends-autospa.com,US
legendsandcollectables.com,AU
legendsboutique.com.au,AU
legendscreekfarm.com,US
legendsdistillery.us,US
legendsdtf.com,US
legendshobbies.com,US
legendsinks.com,US
legendsinthread.com,GB
legendsminiaussies.com,US
legendsoccer.com,US
legendssf.com,US
legendtextiles.com,GB
legendtours.ca,CA
legendtransfers.com,US
legerclinic.co.uk,GB
legere.com,US
leggiadro.com,US
leggs.com,US
leggsmanufacturing.com,US
legiliner.com,US
legion-fitness-equipment.co.uk,GB
legionchemicals.com,US
legiongear.com.au,AU
legionm.com,US
legionparfums.com,GB
legionprotective.com,US
legionsabers.com,US
legionsupplies.com,US
legionwarehouse.com.au,AU
legioxvape.com,GB
legitavionics.com,US
legitfastprinting.com,US
legitique.com,US
legitkit.com,US
legitkits.com,US
legitpet.com,US
legitstreetcars.com,US
legnomeduvillage.com,CA
legoeheritage.com,US
legoland.com,US
legourmetfactory.com,US
legramme.com,US
legrandcoffeehouse.com,US
legscience.com,US
leguano.com.au,AU
legup.nz,NZ
lehays.com,US
lehimills.com,US
lehmanns.co.uk,GB
lehosthairandwigs.com,US
lehtospasties.com,US
lehuamanajewelry.com,US
leiaclothing.com,IE
leiajewelry.com,US
leiastonebooks.com,US
leibiscus.com,US
leica-store.co.nz,NZ
leicastoremanchester.com,GB
leicastoremiami.com,US
leicestercoffeehouse.co.uk,GB
leicestershireairguns.uk,GB
leicestershireairsoft-online.co.uk,GB
leicestertigers.com,US
leidcookies.com,US
leidenheimer.com,US
leididonna.com,US
leidylauranails.com,US
leierfragrances.com,US
leifsbulletlure.com,US
leighanndobbsbooks.com,US
leighjewelers.com,US
leighmiller.us,US
leighnumberplates.com,GB
leighonseabrewery.co.uk,GB
leighsanimalfeeds.co.uk,GB
leighsfashions.com,US
leightimber.net,GB
leightondenny.com,GB
leightons.co.uk,GB
leightonvansparts.com.au,AU
leightys.com,US
leiho.co.uk,GB
leikinishawaii.com,US
leila.com,US
leilaloves.com,GB
leilamode.com,GB
leilanisattic.com,US
leilanisleis.com,US
leilo.com,US
leinemedspa.com,US
leinie.com,US
leinstersheds.ie,IE
leinstudio.com,US
leiohudesigns.com,US
leipusen-tools.com,US
leishape.com,GB
leisureaccents.com,US
leisurebargains.co.uk,GB
leisurecarry.com,US
leisureconcepts.com.au,AU
leisureconcepts.net,US
leisuregrow.com,GB
leisureline.com,US
leisureluxehq.com,US
leisuremod.com,US
leisurepartsdirect.com,GB
leisurepoolandspasupplyinc.com,US
leisureproject.co,US
leisuresociety.com,US
leisurespaceus.com,US
leisuretimeinc.com,US
leithbottleshop.co.uk,GB
leithdistillery.com,US
leitin.com.au,AU
leitner.com.au,AU
leitnerdesigns.com,US
leitnerheadsets.com,US
leitrimdesignhouse.ie,IE
leivascoffee.com,US
leivine.com,US
lejardinfrancais.com,US
lejardinswitzerland.com,US
lejasminbakery.com,CA
lejonjon.co.nz,NZ
lejonleathergoods.com,US
lejourjour.com,US
lejudesigns.com,GB
lekair.com,US
lekasha.com,US
leketch.com,CA
lekilt.co.uk,GB
lekithos.com,US
lekiusa.com,US
lekkerbikes.com.au,AU
leklint.com,US
lektowoodfuels.co.uk,GB
lelaarapishop.com,US
lelaaura.com,US
lelabostore.com,US
lelajacobs.co.nz,NZ
lelandfly.com,US
lelandmills.com,US
lelandresses.com,GB
lelandtea.com,US
lelarose.com,US
lelegacy.co,US
lelekuai.com,US
lelelab.store,US
leletny.com,US
leliamae.com,US
lelightgo.com,US
lelimonadier.ca,CA
lelion.com,US
lelior.com,US
leliscollection.com,US
lellaboutique.com,US
lellikellyshop.co.uk,GB
lelopets.com,US
lelovibes.com,US
lelubepleasures.com,US
leluxe.co,US
lemagasinsp.com,CA
lemalincesar.ca,CA
lemanoir.com,US
lemarchedessaveurs.com,CA
lemariniercelticsalt.com,US
lemarshand.com,GB
lemela.co.uk,GB
lemetier.ca,CA
lemetierdebeaute.com,US
lemeya.com,US
lemieuxskincare.com,US
lemilorde.com,CA
lemiram.com,US
lemishine.com,US
lemlo.com,US
lemmyscoops.com,US
lemmysofficial.com,AU
lemofuta.com,US
lemokey.com,US
lemonadefloatco.com,US
lemonadegc.com,GB
lemonadeglutenfreebakery.ca,CA
lemonadeshoes.com,US
lemonandbeaker.co.nz,NZ
lemonandjinja.com,GB
lemonandlimes.co.uk,GB
lemonatilemonade.com,US
lemonberry.ca,CA
lemoncollections.com,US
lemond.com,US
lemondeberyl.com,US
lemondfood.ca,CA
lemondropmahjongco.com,US
lemonfurniture.co,US
lemongrassandlavender.ca,CA
lemonieboutique.com,US
lemonjelly.ca,CA
lemonjellyusa.com,US
lemonlily.ca,CA
lemonmyrtlefragrances.com.au,AU
lemonofthesun.com,US
lemonpeony.com,US
lemonperfect.com,US
lemonslimesboutique.com,US
lemonsoda.com,US
lemonsonfire.com,US
lemonstraps.com,US
lemontreecandles.co.uk,GB
lemontreedesign.co.nz,NZ
lemonwood.ca,CA
lemoulindeprovence.com,CA
lempjewelers.com,US
lempreintecoop.com,CA
lemsport.com,US
lemuriacrystalshop.com,US
lemurink.com,US
lemurstrap.com,US
lemwear.com,AU
lemystere.com,US
lena-newyork.com,US
lena-silk.com,CA
lenacup.com,US
lenadia.ca,CA
lenah.com.au,AU
lenanailpolish.com,GB
lenapereserve.com,US
lenappy.co.uk,GB
lenciamcustoms.com.au,AU
lenco.co.nz,NZ
lenco.com,US
lenco.uk,GB
lencollective.com,US
lencrier.ca,CA
lenderlution.com,GB
lendmethedress.co.nz,NZ
lendthelabel.co.nz,NZ
lengbox.com,GB
lenichoir.org,CA
lenila.com,US
lenlibby.com,US
lenlifestyle.com,US
lennardtaylor.com,CA
lennholland.com,US
lenni-shop.com,US
lennies.com,US
lennoxandharvey.com,US
lennoxfootwearco.com.au,AU
lennyandeva.com,US
lennyco.com.au,AU
lennykravitz.com,US
lennylane.com,US
lennylarry.com,US
lennypearce.com,US
lennyskitchen.com,AU
lennyspupshop.com.au,AU
lenodo.com,US
lenonlures.com,US
lenora-wear.com,US
lenordetcanada.com,CA
lenouveauchef.co.uk,GB
lenouveauchef.com,US
lenouveauchef.us,US
lenoxandsixteenth.com,US
lensandframe.co,US
lenscamo.co.uk,GB
lensdiary.store,US
lensdiary.uk,GB
lensdigital.com,US
lensdy.com,US
lenself.com,US
lensemble.us,US
lensesdirect.com.au,AU
lensevo.online,GB
lensfactory.com,US
lensfeedshed.com.au,AU
lensfx.co.nz,NZ
lenslizard.com,US
lensmate.co.uk,GB
lensntrends.com,US
lenspen.com,US
lenstownus.com,US
lentami.com,US
lentejuelascouture.com,US
lentesvisionmax.com,US
lenticularprinters.co.uk,GB
lentiltelepathy.com,US
lenton.co.nz,NZ
lentropiste.com,US
lenversfashion.com,US
lenzproducts.com,US
leoandlei.com,US
leobenco.com,US
leobsession.com,US
leodaniels.com,US
leodesignnyc.com,US
leodisgames.com,GB
leodriving.co.uk,GB
leoelectronics.ca,CA
leoetviolette.com,US
leoforward.com,AU
leofotooutdoors.com,US
leofotousa.com,US
leogames.com.au,AU
leolafasteners.com,US
leoloshoes.com,US
leomain.com,US
leomalovegrove.store,US
leomoves.com,US
leonaedmiston.com,AU
leonageneral.com,US
leonandharper.com,GB
leonardbrooksharlowltd.com,GB
leonardfrisbie.com,US
leonardhudson.co.uk,GB
leonarditreecare.com,US
leonardjay.co.uk,GB
leonardofurniture.net,US
leonardopen.com,US
leonardoshoes.com,US
leonards1923.com,US
leonardsfarmstore.com,US
leonardsilver.com,US
leonark.com,US
leonaruby.com,US
leonbridgesshop.com,US
leoncycle.co.uk,GB
leoncycle.com,US
leondiamond.com,US
leone1947.com,US
leone1947boxing.com,US
leonenorthamerica.com,US
leonessachocolatier.com,US
leonfootwear.com,US
leonfurniturestore.com,US
leonidas-chocolate.com,US
leonidas-kensington.com,GB
leonidasonline.ie,IE
leonieandco.ca,CA
leonieandco.com,US
leonisa.au,AU
leonisa.ca,CA
leonisa.co,US
leonisa.uk,GB
leonismaretti.com,US
leonlevin.com,US
leonorgreyl-usa.com,US
leonriverpremiumbeef.com,US
leonsoutletbathurst.ca,CA
leonthomas.com,US
leonwestern.com,US
leoout.com,US
leopardandlaceco.com,US
leopardbabyboutique.com,US
leoplaisir.com,CA
leopoldhall.co.nz,NZ
leopolds-finest.com,US
leorbeauty.co.uk,GB
leosfunzone.com,US
leoskepicollection.com,US
leoslair.co.uk,GB
leosleankitchen.com,US
leospokevault.co.uk,GB
leostreasurebox.com,US
leosun.co.uk,GB
leosware.com,US
leotardboutique.com,US
leothebaker.com,US
leotools.ca,CA
leoverified.com,US
leoxora.com,US
lepalaisbulles.ca,CA
lepanierbelge.com,CA
lepantalon.com,US
lepapilloninc.com,US
leparfait.com,US
leparfait.us,US
leparfumier.com,US
lepatissier.ie,IE
lepeachclub.co,US
lepeachy.com,US
lepera.com,US
lepere.com,US
lepersona-us.com,US
lepetitballon.com,CA
lepetitcocon.com,CA
lepetitcouture.com,CA
lepetitduckshoppe.com,US
lepetitgourmet.com.au,AU
lepetitkids.com,US
lepetitsaint.com,GB
lepetittableaunoir.com,CA
lepidoraentomology.com,AU
lepointstudio.com,US
lepointvisible.com,CA
lepompomshop.com,US
leporello.ca,CA
leportiercognac.com,US
lepottery.com,US
leppardvault.com,US
leprince.com,US
lepro.ca,CA
lepro.co.uk,GB
lepro1600.com,US
leprosymission.org.au,AU
leprunier.com,US
lepuppino.com,US
lepupsupplies.com,US
lerajewellery.com,GB
lerapatriementcommunautaire.com,CA
lercasino.com,US
leredzone.com,US
lerepairebarbier.com,CA
leresaleclarev.com,US
leret-leret.com,US
leridaestate.com.au,AU
lerinnbeauty.com,US
lermaswesternwear.com,US
lermods.com,US
leroidescartes.ca,CA
lerose.com.au,AU
lerouxkitchen.com,US
leroyengineering.com,US
leroysplace.com,US
lerrae.com,GB
lerub.com,GB
leruum.com,GB
les-baroudeurs.com,CA
les-echiquiers-du-roi.com,GB
les1001.ca,CA
les100ciels.com,GB
les3maitresgourmands.com,CA
les400piedsdechampignon.com,CA
lesaffaires.com,US
lesaintmotel.com,CA
lesalonsugar.com,CA
lesamesfleurs.com,CA
lesandleslie.com,US
lesandlot.com,CA
lesansa.com,AU
lesantiquitesbolduc.com,CA
lesasdufumoir.ca,CA
lesaucecompany.com,US
lesbarbares.ca,CA
lesbasics.net,GB
lesbbq.com,US
lesbenjamins.com,US
lesbeurres.ca,CA
lesbiancultureclub.com,US
lesbijouxdemarilou.com,US
lesbougeottes.ca,CA
lesbrulesfumeurs.com,CA
lesbrutes.ca,CA
lescampagnards.ca,CA
lescampeusesencavale.com,CA
lescollection.com,US
lescolleuses.com,CA
lesconfectionslili.com,CA
lescopieurs.com,CA
lescoureursdejupons.ca,CA
lesdeux.com,US
lesdeux.us,US
leseauxprimordiales.com,US
leseclatsdolivia.com,CA
lesedwards.com,US
leseffeuilleuses.com,CA
lesemled.com,US
leserey.com,US
lesfabuleuses.ca,CA
lesfarauderies.com,CA
lesfillesfattoush.com,CA
lesfleursflorist.co.uk,GB
lesforgesdemontreal.org,CA
lesfrenchtwins.com,US
lesgamineries.ca,CA
lesgemmettes.com,CA
leshackasnack.com,CA
leshark.com,GB
leshoppemodern.com,US
lesimo.com.au,AU
lesindustriesgroom.com,CA
lesirl.ie,IE
lesjardins-fleuris.ca,CA
lesjardinslighting.com,US
lesjoufflusfriperie.com,CA
leskicksduquebec.ca,CA
leskinclub.com,CA
leslainesbiscotte.com,US
lesleyashworth.co.uk,GB
lesleyelizabeth.com,US
lesleyhampton.com,CA
leslieamon.com,US
lesliecurtisjewelry.com,US
lesliefrancesca.com,US
leslievilleoptometry.com,CA
leslogeschalets.com,CA
lesmalinsfutes.com,CA
lesmamatinees.com,CA
lesmartgolf.com,US
lesmauvaisesherbes.com,CA
lesmelanges.ca,CA
lesmerveillesdebabellou.com,US
lesmissnyc.com,US
lesmoulinsdelisleauxcoudres.com,CA
lesnereides.com,US
lesnewmans.net,US
lesninos.com,CA
lesnomadesdemarrakech.com,US
lesodettes.com,AU
lesomerset.com,CA
lesothers.com,US
lesown.com,US
lespaceducouple.com,CA
lespacegarage.ca,CA
lespacepublic.ca,CA
lespattesvertes.com,CA
lespervenches.com,CA
lespetitesfoufounes.com,CA
lespetitsjockeys.com,GB
lespetitsprodiges.com,CA
lespetitssorciers.com,CA
lespetitsziboo.com,CA
lespierresdejulie.com,US
lespoochs.com,US
lesproduitsentourage.com,CA
lesrabatjoies.com,CA
lesrecoltesmarcotteboutique.com,CA
lessaisons.co,CA
lessaveursdematante.com,CA
lessaveursdeurope.ca,CA
lessavourables.com,CA
lessavoureux.com,CA
lesseofficial.com,US
lesser-spotted.co.uk,GB
lesserevil.com,US
lesserjewellers.ca,CA
lesserresrogerlagace.ca,CA
lessheikhhairdesign.co.nz,NZ
lessisamor.com,CA
lessismorewines.com,US
lesslitterbox.com,US
lestallion.com,US
lestatoues.com,CA
lesterscrabpots.com,US
lestien.com,US
lestroispyramides.com,US
lestyleonline.com,IE
lestyleparfait.com,US
lesundial.com,US
lesurepet.com,US
lesuusa.com,US
lesvikingz.com,CA
leswine.co.uk,GB
lesyia.com,US
leszacotesdemilie.com,CA
letanneur.com,US
letaoaustralia.com,AU
letaousa.com,US
letasi.co.nz,NZ
letcrochet.com,US
leteactive.com,AU
leteimall.com,US
letemall.com,GB
letemhaveitsalon.com,US
letempleyogi.com,CA
letempsdespaillettes.com,CA
letemrun.com,US
letgodsortemout.com,US
lethaircutbar.com,US
lethalcosmetics.com,US
lethalproducts.com,US
lethalthreat.com,US
lethato.com,US
lethbridgesupplements.com,CA
letheintimates.com,US
lethfast.ca,CA
letifly.com,US
letigreglobal.com,US
letiquette.com,US
letishcoffee.com,US
letitbeeinc.com,US
letmedousa.com,US
letmeshop.com.au,AU
letneyjewelers.com,US
letoilesport.com,US
letoledo.com,CA
letoor.com,US
letoyvan.co.uk,GB
letreiz.com,CA
letrigo.com,US
letrunkshop.com,CA
letsbagitonline.com,US
letsbead.com,US
letsbehealthy.com,CA
letsbuybooks.com,GB
letscurlup.com,US
letscycle.ie,IE
letscycle.uk,GB
letsdisco.com,US
letsdish.com,US
letsearth.com.au,AU
letsenvision.com,US
letsescape.com,US
letsfcancer.com,US
letsfesti.com,US
letsfit.com,US
letsfreakinrodeo.com,US
letsgeeup.com.au,AU
letsgetolivias.com,US
letsgetsassy.com,US
letsgetthisthread.com,US
letsgoaero.com,US
letsgoexpress.org,US
letsgolearn.com,US
letsgomahjong.com,US
letsgopadel.com,GB
letsgoyogi.com,US
letsgrowhappy.com,US
letshubshop.com,US
letshuoer.net,US
letshyphen.com,US
letsjazzitup2.com,US
letslevitate.com,US
letsliveitup.com,US
letsmahj-on.com,US
letsmakebake.com,US
letsmakeit.ca,CA
letsmakeit.us,US
letsplaytcg.com,US
letsprintbig.com,US
letsresin.ca,CA
letsridebootsapparel.com,US
letsroll.store,US
letsrollmobility.com,US
letsrugs.com,US
letssprinklebymg.com,US
letsstring.us,US
letstango.com,US
letstieupnow.com,US
letstruck.com,US
letsyada.com,US
lettalondon.com,GB
letterartgifts.com,US
letterbox-cocktails.com,GB
letterboxbakes.com.au,AU
letterboxgifts.co.uk,GB
letterboxhamper.com,GB
letterjoy.co,US
letterly.co,GB
letterpressplay.com,US
lettersandlucy.com,US
lettersbylanternlight.com,US
letterseals.com,US
lettersfromflorence.com,GB
lettersfromthefairies.com,US
lettershoppe.com,US
lettersofclay.com,US
lettersofthezodiac.com,AU
lettersparrow.com,US
letterstoapollo.com,US
letthedogeat.com,US
letthemeatcakeshop.com,US
letthemeatcandles.com,US
letthemeatvegan.co.nz,NZ
letthemhavecakemiami.com,US
lettieboutique.com,US
lettinewyork.com,US
letto.com.au,AU
lettoden.com,US
lettsoflondon.com,GB
lettucefunk.com,US
letusworship.us,US
letyourlovegrow.com,US
leucadiabikes.com,US
leucadiabladeco.com,US
leukaemia.org.au,AU
leupoldgolf.com,US
leuraparkestate.com.au,AU
leustowels.com,US
levacherin.com,GB
levalse.com,US
levanteud.com,US
levantinegoods.com,US
levantpizza.com,US
levasleepusa.com,US
levatelabel.com,AU
levateyou.com,US
levbaby.com,US
levede.com.au,AU
levefitclub.com,US
level-4armor.com,US
level-lemonade.com,AU
level10motorsports.com,US
level13hairstudio.com,US
level7bikes.com,US
level7jeans.com,US
level99games.com,US
level99jeans.com,US
leveledupbuffalo.com,US
leveleve.us,US
levelflight.ca,CA
leveling-liftkit.com,US
levellers.co.uk,GB
levelmate.com,US
levelonegameshop.com,US
levelout.co,GB
levelrods.com,US
levelselectcbd.com,US
levelsix.com,US
levelsprotein.com,US
levelupbeauty.ca,CA
levelupdice.net,US
levelupdub.net,US
levelupgames.ca,CA
levelupgames.shop,US
levelupgaming.nz,NZ
levelupgardensupply.com,US
levelupkickz.com,US
levelupon6.ca,CA
levelupskatepark.com.au,AU
levelupyourhome.com,US
levelxblack.com,US
levelxblack.uk,GB
levelxvape.com,CA
levence.com,US
levenrose.com,US
leveoutdoorco.com,US
leveret.com,US
leverify.com,US
levermovement.com,US
leveteroom.com,GB
leveza.ca,CA
levfurniture.com,US
leviaranwt.com,US
leviathan-nutrition.com,US
leviathanrods.com,US
leviathansupps.com,US
levicishop.com,US
levicrew.com,US
levidatoystore.com,AU
leviev.com,US
levignoble.co.uk,GB
levinehat.com,US
levinesstores.com,US
levinsonleathergoods.com,US
levira.co,US
levis4floors.com,US
levit8ed.com,US
levitaactive.com,AU
levitatemtl.com,CA
levitatesneakers.com.au,AU
levitexa.com,US
levitexsleep.com,US
levityinteriors.com,US
levitymerch.com,US
levium.com,US
levlup.com,GB
levoilestores.com,US
levoit.co.uk,GB
levolearning.co.uk,GB
levooil.ca,CA
levostore.com,US
levotic.com,US
levowbridal.com.au,AU
levprolumines.com,US
levshassistantusa.com,US
levyelectric.com,US
levysfinejewelry.com,US
levysleathers.com,US
lewdare.com,US
lewdcomplex.com,US
lewgriffinknives.com,US
lewilsonbooks.com,US
lewinsjewellers.com,GB
lewis-james.com,GB
lewisandphilp.com,AU
lewisbarbecue.com,US
lewisblack.com,US
lewisbrass.com,US
lewisfloorandhome.com,US
lewisishome.com,US
lewisjewelers.com,US
lewisleathers.com,US
lewismeat.com,US
lewismetalwork.com,US
lewispies.co.uk,GB
lewisroadcreamery.co.nz,NZ
lewiss.co.uk,GB
lewisusa.com,US
lewiswinch.com,US
lewisyates.com,GB
lewlow.com,US
lexandroses.com,US
lexbarefoot.com,AU
lexbern.com,US
lexbreezyhawaii.com,US
lexception.com,US
lexeheels.com,US
lexenpeptide.com,US
lexent.co.uk,GB
lexiblake.net,US
lexicfoss.shop,US
lexiconhome.com,US
lexiconsupply.com,US
lexifashion.co.uk,GB
lexilighting.com.au,AU
lexilighting.us,US
lexingtonbakes.com,US
lexingtongroupinc.com,US
lexingtonintimates.com,US
lexip.co,US
lexis-leather.com,AU
lexistores.com,US
lexistoylofttoys.com,US
lexivon.com,US
lexlynne.com,US
lexmod.com,US
lexnoeljewels.com,US
lexonathletics.com,US
lexor.com,US
lexormiami.com,US
lexspantry.com,CA
lexterminateurenligne.com,CA
lexusacc.com,US
lexusboutique.net,US
lexuscollection.com,GB
lexwipp.com,US
lexxola.com,US
lexxyy.com,US
lexybblair.com,US
leyadoll.com,US
leydicashandjewelry.com,US
leyeahllow.com.au,AU
leyesstore.com,AU
leyicase.com,US
leynadresses.com,GB
leyoma.com,US
leytonhouseprofessional.com,GB
leytonpharmacy.com,GB
lezat.com,US
lezethelabel.com,US
lezie.com,US
lezspreadtheword.com,CA
lezzeppelin.com,US
lf-audio.com,US
lf-ind.com,US
lfatv.us,US
lfcollectandtrade.com,US
lfdlighting.com,US
lfdoffroad.com,US
lfg-labs.ca,CA
lfgenergyclub.com,US
lfla.org,US
lflounge.com,US
lflovers.com,GB
lfminifigs.com,US
lfoaudio.com,US
lfpexperts.com,US
lfssportsnetting.com,US
lfsupplies.com,US
lftlures.com,US
lfuniversalgoods.com,US
lgartfactory.com,CA
lgbeauty.com,US
lgbt-first.com,CA
lgbtqflags.com.au,AU
lgbtqoutpost.com,US
lgbtunicorns.com,US
lgcomfortcooling.com,GB
lgcracing.com,US
lggjewelry.com,US
lghnh.co.uk,GB
lglcollege.com,US
lglinen.com,US
lgnaturals.com,US
lgndbarbellco.com,US
lgndryfit.com,US
lgndsupplyco.com,US
lgoutdoor.co.uk,GB
lgp-powersports.com,US
lgrkfab.com,US
lgxnds.com,US
lhanel.co,US
lhanile.com,US
lhasaoms.store,US
lhboutiqueequestre.com,CA
lhexagone.ca,CA
lhhome.com,US
lhmarine.co.nz,NZ
lhzpreampshop.com,US
li-fire.com,US
li-ningsports.co.uk,GB
li-vy.com,US
liaabebe.com,GB
liahcrafts.com,US
lialys.com,US
liam-penn.co.uk,GB
liamandlana.com,US
liamandlore.com,US
liamgallagher.com,GB
liampayneofficial.com,US
liamsbargains.co.uk,GB
liamstjohn.com,US
lianaflores.com,US
lianfootwear.com,US
liangliangmama.com,GB
lianmedia.us,US
liasflowers.com,US
liaswimwear.com,GB
libaasboutiquesydney.com,AU
libaaslondon.shop,GB
libaazthelabel.ca,CA
libandco.com,US
libas.com.au,AU
libasaa.com,US
libationsrum.com,GB
libbey.com,US
libbiesews.com,US
libbiesummerslabel.com,US
libbyandsmee.com,US
libbyhaines.com,AU
libbyloves.co,GB
libbymunronutrition.com.au,AU
libbys.co,GB
libbyshorsetack.co.uk,GB
libeautyhair.com,US
libellulaboutique.co.uk,GB
liberal.org.au,AU
liberaljewellery.com,CA
liberaltears.co,US
liberatedxxx.com.au,AU
liberateworld.com,AU
liberateworld.uk,GB
liberationcocktails.com,GB
liberationstore.org,US
liberfashion.com,US
liberlive.com,US
liberloom.com,GB
libernovo.com.au,AU
liberowe.com,US
libertariancountry.com,US
libertariocoffee.com,US
libertasbarefoot.com,US
liberte.nz,NZ
libertiespapers.ie,IE
libertineaustin.com,US
libertineburger.com,GB
libertinethelabel.com,NZ
liberty-flag.com,US
liberty-risk.com,US
libertyaidacademy.org,US
libertyand.co,US
libertyandvictory.com,US
libertyartworks.com,US
libertybaking.com,US
libertybassshop.com,US
libertybellerx.com,AU
libertybellretail.com,US
libertyblueberryfarms.com,US
libertybrass.com,US
libertybrewing.co.nz,NZ
libertycharms.com,US
libertycokedelivery.com,US
libertycomiccon.com,US
libertycopper.net,US
libertyducks.com,US
libertyfieldsltd.co.uk,GB
libertyfireworks.us,US
libertyflagpoles.com,US
libertyfloors.co.uk,GB
libertygardenproducts.com,US
libertygunsafe.com,US
libertyhillneedleworks.com,US
libertyhomeconcealment.com,US
libertyinlove.co.uk,GB
libertyinnorthkorea.org,US
libertylandscapesupply.com,US
libertylinegear.com,US
libertylookus.com,US
libertylumberproducts.com,US
libertymed.ca,CA
libertymobility.com,US
libertypennants.com,US
libertyperfume.com,US
libertypetdoor.com,US
libertyprairie.org,US
libertyreef.us,US
libertysafemaplegrove.com,US
libertysafesofny.com,US
libertysafesoforegon.com,US
libertysafesofutah.com,US
libertyscales.com,US
libertyskis.com,US
libertysleep.ca,CA
libertystreetflags.com,US
libertytattoosupply.com,US
libertyvillecoffee.com,US
libertyzeno.com,US
libeskind.com,US
libidolifted.com,US
libiscafe.com,US
libiti.co.nz,NZ
libiyi.com,US
librairie-en-ligne.com,CA
librairieboutiquevenus.com,CA
librairiegourmande.ca,CA
librairietournelapage.ca,CA
librairiewinobooks.com,CA
librarycoffee.ca,CA
libraryideas.com,US
librarykitchenandbar.com,US
libraryofcards.com,US
libraryoftheuntold.com,US
libraryscience.net,US
librarytalespublishing.com,US
libreriacelestial.com,US
libreriajerusalem.com,US
libreriapino.com,US
libreriashalom1.com,US
libsigns.com,US
licaberry.com,US
licares.org,US
licebuster.ca,CA
licefreee.com,US
licencehouse.com,US
licencetowin.co.nz,NZ
licensedstudioart.com,US
licensedtocharm.com,US
licenseplatecollecting.com,US
licenseplatesafe.com,US
licensing-solutions.co.uk,GB
licensingprep.com,US
lichenandlace.com,US
lichenorknot.com,US
lichtenfelts.com,US
lickimat.co.uk,GB
lickimat.com,US
lickimat.us,US
licknyc.com,US
licksleeve.au,AU
licksleeve.com,US
licksleeve.uk,GB
licollie.com,US
licorbeirao.com,GB
licoresmedellin.com,US
licoriceguy.com,US
licoriceinternational.com,US
lid-lock.com.au,AU
lidahdrums.com,US
lidavel.com,US
lidcenturymodern.com,US
lideewoman.com.au,AU
lider-electric.com,US
lidgates.com,GB
lidgettmusic.com,US
lidliftgoggle.com,US
lidmods.co.uk,GB
lidoradio.com,US
lidpocket.com,US
lids4kids.org.au,AU
lidsmarketplace.com,US
lie-studio.com,US
lieandloft.com,US
liebeseele.com,US
liebherrpartsstore.com,US
liebherrshop.com.au,AU
liebmansschooluniforms.com,US
liefrunning.com,US
lielandlentz.com,US
lienzom.com,US
lieselannestudios.com,US
liesofp.com,US
lieuditwinery.com,US
liewood.com,US
lieyudive.com,US
life-care.com,GB
life-enhancement.com,US
life-outdoors.com.au,AU
life-vac.ie,IE
life-water.co.uk,GB
life110.co.uk,GB
lifeafterbass.shop,US
lifeafterdeathdesigns.com,US
lifeandcolour.com,CA
lifeandlooks.com,GB
lifeandscience.org,US
lifeandsolestore.ie,IE
lifeandsoulboutique.com,AU
lifearmour.co.uk,GB
lifeartcabinetry.net,US
lifeartvision.com,US
lifebasis.com,US
lifeblud.co,US
lifebreeze.co.uk,GB
lifechangingbeds.com.au,AU
lifechangingenergy.com,US
lifechangingmobility.com,US
lifecharms.co.uk,GB
lifecider.com,US
lifecodeboutique.com,CA
lifecrestes.com,AU
lifecykel.uk,GB
lifeeasysupply.com,US
lifeelectricvehicles.com,US
lifeelements.com,US
lifeessentialsrefillery.com,US
lifefactory.com,US
lifefitness.com,US
lifeforceseeds.com.au,AU
lifeforlifestyle.com,US
lifegardeningtools.com,US
lifeguardcertificates.com,US
lifeguardhealth.co.nz,NZ
lifeharmonyenergies.com,US
lifehoney.com,US
lifehousemusic.com,US
lifeinadollhouseshop.com,US
lifeinbox.co,US
lifeintents.com,US
lifeionizers.com,US
lifeisagiftshop.com,US
lifeisbestoutside.com,US
lifeiscrap.com,US
lifeisgoodwestport.com,CA
lifeisporno.com,GB
lifeissweetcandystore.com,US
lifejacketskin.com,US
lifekind.com,US
lifelessonsat50plus.com,US
lifeline-direct.com,US
lifelinecomics.com,US
lifelinenb.org.au,AU
lifelineqld.org.au,AU
lifelines.com,US
lifelistlab.com,US
lifelongcollectibles.com,US
lifelongindiaonline.com,US
lifeloophealth.com,GB
lifelyhome.com,US
lifemagics.com,US
lifemasterusa.com,US
lifement.us,US
lifemodelworks.org,US
lifenoura.com,CA
lifenutrition.com,US
lifeofcoco.com.au,AU
lifeofgames.co.uk,GB
lifeofriley.co.nz,NZ
lifeofrileybakery.co.uk,GB
lifeofrileyonline.co.uk,GB
lifeofrunningkm.com,US
lifeoutsidegx.com,CA
lifeovercsstore.com,US
lifepharmacyorewa.co.nz,NZ
lifepharmacystlukes.co.nz,NZ
lifeplan.co.uk,GB
lifepo4oz.com,AU
lifeport.com,US
lifepreservers.ca,CA
lifepress.com,US
lifeproofhome.com,US
liferaftprofessionals.com,US
liferafttreats.com,US
liferegenvia.com,US
lifesafetechnologies.co.uk,GB
lifesafetechnologies.com,US
lifesaverusa.co,US
lifesawitch.co.uk,GB
lifesciencestrading.com,US
lifescoil.com,US
lifesizecustomcutouts.com,US
lifeskillsacademy.ie,IE
lifeskillscreations.com,US
lifesmartliving.com,US
lifesmarttreadmills.com,US
lifesneverendingstorybrand.com,US
lifesongmilestones.com,US
lifesourcevitamins.com,US
lifespaceprobiotics.com,US
lifespan.com,US
lifespaneurope.com,US
lifespankids.com.au,AU
lifesportsgear.com,CA
lifesrosie.ca,CA
lifesteal.shop,US
lifestoosport.co.uk,GB
lifestorebrigg.com,GB
lifestoryshop.com,GB
lifestreamgroup.us,US
lifestylebyfocus.com,US
lifestylebynorwegian.com,US
lifestylebyps.com,US
lifestylechristianitystore.com,US
lifestylecycles.com,US
lifestylegear.co.nz,NZ
lifestylehobbies.com,US
lifestylehomecollection.org,GB
lifestylelivinggriffith.com.au,AU
lifestylemarketplace.com,US
lifestylemealprep.com.au,AU
lifestyleoh.com,US
lifestyleonline.ie,IE
lifestyleretail.com.au,AU
lifestyles.com,US
lifestylesww.ca,CA
lifestylevitamins.co.uk,GB
lifestylewake.com,US
lifestylewarehouse.co.uk,GB
lifestylezstore.net,US
lifesuny.com,US
lifesupplies.com,GB
lifesupplyusa.com,US
lifesupportintl.com,US
lifesync.com,US
lifeteen.com,US
lifetherapy.com,US
lifethroughoptics.co,US
lifetimeapplianceparts.com,US
lifetimecookware.com,US
lifetimeeventsretailstore.com,US
lifetimejewelry.com,US
lifetimekidsrooms.com,GB
lifetoken.com,US
lifetropics.com,GB
lifeunpacked.com,CA
lifeunplugged.com,US
lifevac.net.au,AU
lifeventure.com,GB
lifevibemassage.com,US
lifevinewines.com,US
lifewaregroup.com,US
lifeweartechnologies.com,US
lifewit.com,US
lifewithlissie.com,GB
lifewithoutplastic.com,US
lifewithpetsgci.com,US
lifewitqueenp.shop,US
lifeworkmarketplace.com,US
lifezone.store,US
liffeyproviders.com,IE
liffner.co,US
lift-innovations.com,US
lift-r.co.uk,GB
liftandlock.com.au,AU
liftandmassagechairs.com,US
liftbigeatbig.com,US
liftblog.com,US
liftbridge.shop,US
liftcurriculum.com,US
liftdown.com,US
liftedsmokeshops.com,US
liftek.com.au,AU
liftequip.net,CA
liftevil.com,US
liftgateme.com,US
liftgear.com,US
liftglucose.com,US
lifting-slings.org,GB
lifting365.com,GB
liftingequipment.ie,IE
liftingequipmentstore.com,US
liftingequipmentstore.us,US
liftinggear.com.au,AU
liftlabskin.co,US
liftlockload.com.au,AU
liftmastree.com,US
liftmode.com,US
liftoffinc.com,US
liftow.com,US
liftpartspro.com,US
liftprocustoms.com,US
liftreclinerparts.com,US
liftrunbang1.com,US
liftsanddockparts.com,US
liftseat.shop,US
liftsets.co.uk,GB
liftspecialties.com,US
liftsync.us,US
liftthreadz.com,US
liftvault.com,US
liftwithtrac.com,US
lifypet.com,GB
ligaecostore.co.uk,GB
ligamx.net,US
ligerstraps.com,US
lightandfaith.com,US
lightandsaltdesignco.com,US
lightandsaltlearning.org,US
lightarmor.us,US
lightasairboats.com,US
lightbarparts.com,US
lightberty.com,US
lightboxnz.com,NZ
lightbulblighthouse.com,CA
lightbulbman.nz,NZ
lightcellar.ca,CA
lightch8in.com,US
lightco.co.nz,NZ
lightcollects.com,US
lightcomm.ie,IE
lightcove.store,US
lightdot.com,US
lightedaddressnumbers.com,US
lightedwaterlanterns.com,US
lightelegance.co.uk,GB
lightera.com,US
lighterbro.com,US
lighterior.com.au,AU
lighterloungeco.com,US
lightervoro.com,US
lightfeet.co.uk,GB
lightfeet.com,AU
lightfootltd.com,US
lightfootwines.com,AU
lightfox.com.au,AU
lightheadedhelmets.com,US
lightheartgear.com,US
lightheartlash.com,US
lighthelmets.com,US
lighthikinggear.com,US
lighthillmeats.com,US
lighthoof.com,US
lighthouseco.com,US
lighthousecoffeeri.com,US
lighthousecomics.co.uk,GB
lighthousecornwall.co.uk,GB
lighthousekeeperspantry.com,US
lighthousekidscompany.com,US
lighthouselane.co.uk,GB
lighthousenoosa.com.au,AU
lighthousetattoo.co.uk,GB
lighthubdirect.com,GB
lightimpressionsdirect.com,US
lightingbugtech.com,US
lightingcentre.co.uk,GB
lightingcentre.com.au,AU
lightingcollective.co.nz,NZ
lightingconnection.com,US
lightingdesignonline.com,GB
lightinge.com,US
lightingempire.com.au,AU
lightinglegends.com,GB
lightingmackay.com.au,AU
lightingoriginals.ca,CA
lightingoriginals.com,US
lightingreimagined.com,US
lightingroom.co.uk,GB
lightingrus.co.uk,GB
lightingspares.co.uk,GB
lightingwayonline.com,US
lightkiwi.com,US
lightlenslab.com,US
lightmart.com.au,AU
lightmirrors.co.uk,GB
lightmodehelmets.com,US
lightmybricks.ca,CA
lightmybricks.co.uk,GB
lightmyfire.com,US
lightness.co.nz,NZ
lightning-computers.co.uk,GB
lightning-sports.co.uk,GB
lightningaquaticsworld.com,US
lightningkayaks.com,US
lightningmotorsports.com,US
lightningsafetysolutions.com,US
lightningstoreonline.com,US
lightofcards.com.au,AU
lightpathled.com,US
lightpixlabs.com,US
lightpolecovers.com,US
lightpolesplus.com,US
lightrailwaystores.co.uk,GB
lightridersoc.com,US
lightroom.uk,GB
lightsaber.com,US
lightsandfansonline.com.au,AU
lightsandlamps.com,US
lightsandparts.com,US
lightsandtools.com,US
lightsatwholesale.com,US
lightscanada.ca,CA
lightscordless.com,US
lightseekerseeds.com,US
lightsfansaction.com.au,AU
lightsforyou.com.au,AU
lightsin.co.uk,GB
lightsofscandinavia.com,US
lightsofsweden.com,US
lightsolutionsdental.com,US
lightspares.co.uk,GB
lightspeedtrackevents.com,US
lightsstockholm.com,GB
lightsthings.com,US
lightstim.com,US
lightstimpro.com,US
lightsupplier.co.uk,GB
lightthecandletees.com,US
lighttrader.com,US
lightvibe.shop,US
lightwarsmug.com,US
lightwavepottery.com,US
lightweightpotswa.com.au,AU
lightwerkz.net,US
lightwoodmotors.com,GB
lightwrap.com,US
lightxnight.com,US
lightyear24.com,US
lightyearmusic.com,US
lightyourhome.co,US
ligonier.org,US
ligonline.ca,CA
lihabeauty.com,US
liionwholesale.com,US
liisfragrances.com,US
liiton.com,US
liivevision.com,AU
lijahhanley.com,US
lijastyle.com,US
likcut.com,US
likdancewear.com,US
likeabean.com,US
likeair.com,US
likeakitten.com,US
likeaprosupplements.com,US
likebutter.com.au,AU
likecabinets.com,US
likecanada.com,US
likemary.com,GB
likenuconcrete.com,US
likepush.com,US
likeroses.com,US
likimio.com,US
likolehua.com,US
likyhome.com,AU
lilaandjack.com,US
lilaandleo.com,US
lilabeautywholesale.com,AU
lilacandcreme.com,US
lilacandlimestives.co.uk,GB
lilacandmila.com,AU
lilacblonde.com,US
lilacblue.com,US
lilaccityvapor.com,US
lilaccustom.com,US
lilaceast.com,US
lilacfestival.net,CA
lilaclibrary.co.uk,GB
lilacomposter.com,US
lilacpatisserie.com,US
lilacrose.co.uk,GB
lilajasmine.co.nz,NZ
lilanikole.com,US
lilash.co.nz,NZ
lilash.com,US
lilashpros.com,US
lilateam.com,US
lilaxstudio.ca,CA
lilbabycakes.com,US
lilbabysprouts.com,US
lilbackbracer.com,US
lilbee.ca,CA
lilbeesbohemian.com,US
lilbombshell.com,US
lilbros.ie,IE
lilbscustomfab.com,US
lilbub.com,US
lilcacti.com,US
lilcactus.com,US
lilceramics.co.nz,NZ
lilcharmsusa.com,US
lilclucker.com,US
lilcritters.com,US
lilcruisercleaner.com,CA
lildicky.com,US
lildog.com,US
lildreamersdreambig.com,US
lildrugstore.com,US
lildy.com,US
liledora.com,US
lilfood.au,AU
lilfoxleotards.com.au,AU
lilgunnr.com,US
lilhelperusa.com,US
lilialessandra.com,US
lilianaandliam.com,US
lilianashoes.com,US
liliasvintagefabrics.com,US
lilibermuda.com,US
liliclaspe.com,US
lilicuria.com,US
liliesandlace.co,US
lilietgordo.com,CA
liligrace.co.uk,GB
liligraffiti.com,CA
lilihammer.com,US
lilikoipaia.com,US
lilikomarket.com,US
lililuonking.com,US
lilingg.com,US
lilipretty.com,US
lilipubsorders.com,US
lilisglass.com,US
lilisrose.com,US
lilithefirst.com,US
lilithnyan.com,US
lilitile.com,US
liliuhms.com,US
lilivalente.com,US
liliyum.com,US
liljathelabel.com,US
lillaandcharles.com,US
lillacandy.co,US
lillacavallo.com,US
lillap.com,US
lilleafsmoke.com,US
lillebaby.com,US
lillegendsbooks.com,US
lilleracewear.com,GB
lillianna.com.au,AU
lillianruff.com,US
lillibros.com,US
lillicoco.com,US
lillidaleuk.co.uk,GB
lilliealexanderboutique.com,US
lillieandlee.com,US
lillieandlilah.com,US
lilliegooseboutique.com,US
lilliekateboutique.com,US
lilliekatrugs.com,US
lilliemaechocolate.com,US
lilliesdream.com,US
lilliesq.com,US
lillipad.com,US
lilliparis.com,US
lillipillipatisserie.com,AU
lillipot.ca,CA
lilliputhats.com,CA
lilliputlittlethings.com,US
lillislops.com,US
lillittle.com,US
lilluvdog.com,US
lillyabigailsboutique.com,US
lillyandbo.co.uk,GB
lillyandfrank.com,CA
lillyandlolly.com.au,AU
lillyandlula.com,US
lillyandsid.com,GB
lillybean.com,US
lillybrush.com,US
lillyco.com.au,AU
lillycooper.com.au,AU
lillyjacekids.com,US
lillyloves.co.uk,GB
lillymaelondon.co.uk,GB
lillymoonpaint.com,US
lillypillystyle.com.au,AU
lillyroseboutique.com,US
lillysboutiquelondon.com,GB
lillysmunchies.com,US
lillyspinkcottage.com,US
lillyssupersubs.com,US
lilmilan.com,US
lilmixins.com,US
lilmonkeycheeks.ca,CA
lilmonkeysshop.com,CA
lilmonstersbirdtoys.com,US
lilmoo.co.nz,NZ
lilnasxstore.com,US
lilnibbles.com.au,AU
lilnicethings.com,US
lilodiamonds.com,US
lilou.co.nz,NZ
lilova.com,US
lilpackaging.com,US
lilpleaser.com,US
lilspoiled.com,US
lilstompers.ie,IE
lilthinga.com,US
lilthingsworld.com,US
liltracker.ca,CA
liltracker.com,US
liltulips.com,US
lilunderwear.com,CA
lily-jade.com,US
lily-lark.com,US
lilyachtyshop.com,US
lilyallenmusic.com,US
lilyananaturals.com,US
lilyandbennett.com,US
lilyandbird.com.au,AU
lilyandclara.ie,IE
lilyandeden.co,US
lilyandlamb.com,US
lilyandlincoln.com,US
lilyandlionel.com,GB
lilyandmabel.com,GB
lilyandmay.co.nz,NZ
lilyandonyx.com,US
lilyandroeco.com,US
lilyandsparrowboutique.com,US
lilybeautylash.com,AU
lilybeewrap.com,US
lilyblanche.com,US
lilybloomstore.com,US
lilybod.co.uk,GB
lilybod.com,US
lilybod.com.au,AU
lilycraft.com.au,AU
lilycuddles.co.uk,GB
lilycurve.com,CA
lilydalesafetywear.com.au,AU
lilyellacollection.com,GB
lilyengland.com,GB
lilyeve.store,US
lilyeveus.com,US
lilyflowermilestones.com,US
lilygardner.com,GB
lilyhair.com,US
lilyharperlondon.com,GB
lilyhil.com,US
lilyhillcattle.com,US
lilyjanecolumbia.com,US
lilykity.com,US
lilylearning.com,US
lilyleeds.uk,GB
lilyliamboutique.com,US
lilylolo.nz,NZ
lilylolo.us,US
lilylough.com,US
lilyloutay.com,US
lilylove.com,US
lilylpsshop.com,US
lilyluna.co.uk,GB
lilyluneboutique.com,US
lilymayjewelry.com,US
lilymbeauty.co.uk,GB
lilynicholsrdn.com,US
lilynily.com,US
lilypadbulbs.com,US
lilypadmahjong.com,US
lilypadpaint.com,US
lilypond.net.au,AU
lilyprettygal.com,US
lilyrose.us,US
lilyroseburgess.com,US
lilyrosejewelryco.com,US
lilyrosy.com,US
lilyschilies.com,US
lilyscoastalboutique.com,US
lilysdonutsandpops.com,US
lilysilk.com,US
lilyskitchen.com,GB
lilyspharmacy.ie,IE
lilystudio.com,US
lilywho.ie,IE
lilzpizza.com,CA
lim-lim.com,CA
limalimonstore.com,US
limar.com,CA
limasso.co.uk,GB
limbicbits.com,US
limbkeepers.co.uk,GB
limbodivision209.com,US
limboimports.com,US
limbsaver.com,US
limeandmortar.com,AU
limeberrydesigns.com,US
limebluecoffee.com,AU
limecrime.com,US
limecross.co.uk,GB
limedistributionintl.com,US
limegoods.com,US
limehealthcare.com.au,AU
limelightcollection.co.uk,GB
limelightdiamonds.com,US
limelightmemorabilia.co.uk,GB
limelightpaper.com,US
limelightvideo.store,AU
limelightvision.io,US
limelinepaintsupply.com,US
limerence-m.com,US
limerencia.com,US
limerickinc.com,US
limes.co.nz,NZ
limesleep.com,US
limesodacollective.com,AU
limestoneedr.com,US
limestoneholeyrock.com,US
limestore.com,US
limetliss.com,US
limewash.com,US
limewire.com,US
limeworkshotrodparts.com,US
limeythecheetah.com,US
liminal-veil.com,US
limise.com,IE
limited-edition.uk,GB
limitedadditionrecords.com,US
limitedarmor.com,US
limiteddistillery.com,CA
limitededition.co.nz,NZ
limitededitionny.com,US
limitededt.com,US
limitedplayerasmx.com,US
limithron.com,US
limitless-flex.com,GB
limitless-zip-wires.co.uk,GB
limitlesscarcare.com,US
limitlesslivingmd.com,US
limitlessmfg.com,CA
limitlesspharma.com,CA
limitlessplates.co.uk,GB
limitlessrc.com,US
limitlesstogetheronline.com,US
limitlesstoronto.ca,CA
limitlessx.com,US
limitplus1.com,US
limitplus1offroad.com,US
limlex.com,US
limmerboots.com,US
limngallery.co.nz,NZ
limnospoultry.com.au,AU
limoges.com,US
limogescellars.com,US
limogesjewelry.com,US
limonadeoflore.com,CA
limonanakids.com,US
limoncello.co.uk,GB
limpetstore.com,GB
limpies.com,US
limpopobiltong.com,GB
lims-hvac.co.nz,NZ
limuva.com,US
linacky.com,GB
linaday.com,US
linalennox.com,US
linarte.co.nz,NZ
linastores.co.uk,GB
linaziada.com,GB
linbeachhouse.com,US
lincksclothing.com,US
lincolnbrooks.com.au,AU
lincolncamerashoponline.com,US
lincolncityceramics.com,US
lincolncitygifts.com,US
lincolnfencecompany.com,US
lincolnlandkettlecorn.com,US
lincolnparkemporium.com,US
lincolnrural.com.au,AU
lincolnshoepolish.com,US
lincolnsquare.shop,US
lincolnwoolpack.co.uk,GB
lincoriginalmakers.us,US
lincove.com,US
lincplustech.com,US
lind.co.uk,GB
lindaanderson.com,US
lindaasselin.com,CA
lindaaura.com,US
lindablum.com,US
lindafiore.com,GB
lindakale.com,US
lindaliam-charleston.com,US
lindameredith.com,GB
lindaronstadt.com,US
lindasgiftsdirect.com,US
lindasofkinsale.ie,IE
lindasplace.com.au,AU
lindawestcellos.com,US
lindbergnutrition.com,US
lindencookdesign.com,US
lindenhills.store,US
lindenleaves.com,NZ
lindenskyboutique.com,US
lindenstores.co.uk,GB
linderafarms.com,US
linderball.com,US
linderhealth.com,US
linderhealthpro.com,US
lindeza.shop,US
lindfieldcoffeeworks.co.uk,GB
lindgren-pitman.com,US
lindipendente.online,US
lindiskin.com,US
lindleygeneralstore.com,US
lindleywood.co.uk,GB
lindnershowfeeds.com,US
lindodespertarnamaste.com,US
lindonlewismarine.co.uk,GB
lindquist-object.com,US
lindsaybraman.com,US
lindsaylohan.com,US
lindsaysportsline.com,CA
lindsaystreemdesigns.com,US
lindseyleighjewelry.com,US
lindseystirlingmerch.com,US
lindseythornburg.com,US
lindshandmade.com,US
lindttrading.com.au,AU
lindyleather.com,US
lindyloosboutique.com,GB
lindysgang.com,US
line2ems.com,US
line39wines.com,US
lineabathrooms.com.au,AU
lineafashion.com,GB
lineage-collections.com,US
lineagecollective.co.nz,NZ
lineagegoods.com,US
lineageroasting.com,US
lineandcleat.com,US
linearairdiffusers.com,US
linearclockworks.com,US
linearcurtainpoles.co.uk,GB
linearlights.co.uk,GB
linearstandard.com.au,AU
linearstudio.co,US
linebaughstudios.com,US
linecutterz.com,US
linefriendssquare.com,US
lineinthesand.com,US
linejunkgear.com,US
linem.co,NZ
linenandcloth.com,US
linenandclove.com,US
linenandflax.com,US
linenandlace.com,US
linenandletters.com,GB
linenandlorehome.com,CA
linenandthings.nz,NZ
linenavenue.com,US
linenbee.com,US
linenbundle.com,GB
linenbundle.ie,IE
linencupboard.co.uk,GB
linendaily.com,US
linengarb.com,US
linenhabit.com.au,AU
linenhearts.co.uk,GB
linenhue.com,GB
linenking.co.nz,NZ
linenloftnj.com,US
linenlooming.com,US
linenly.com.au,AU
linennotes.com,US
linensalvage.com,US
linensandtreasures.co.nz,NZ
linenshed.uk,GB
linenslimited.com,GB
linensnthings.com,US
linensocial.com.au,AU
